icao24,snapshot_time,callsign,origin_country,time_position,last_contact,longitude,latitude,baro_altitude,on_ground,velocity,true_track,vertical_rate,sensors,geo_altitude,squawk,spi,position_source,category,latitude_mean_10s,latitude_std_10s,latitude_min_10s,latitude_max_10s,latitude_median_10s,latitude_count_10s,longitude_mean_10s,longitude_std_10s,longitude_min_10s,longitude_max_10s,longitude_median_10s,longitude_count_10s,velocity_mean_10s,velocity_std_10s,velocity_min_10s,velocity_max_10s,velocity_median_10s,velocity_count_10s,geo_altitude_mean_10s,geo_altitude_std_10s,geo_altitude_min_10s,geo_altitude_max_10s,geo_altitude_median_10s,geo_altitude_count_10s,vertical_rate_mean_10s,vertical_rate_std_10s,vertical_rate_min_10s,vertical_rate_max_10s,vertical_rate_median_10s,vertical_rate_count_10s,true_track_mean_10s,true_track_std_10s,true_track_min_10s,true_track_max_10s,true_track_median_10s,true_track_count_10s,velocity_mean_1min,velocity_std_1min,velocity_min_1min,velocity_max_1min,velocity_median_1min,velocity_count_1min,geo_altitude_mean_1min,geo_altitude_std_1min,geo_altitude_min_1min,geo_altitude_max_1min,geo_altitude_median_1min,geo_altitude_count_1min,vertical_rate_mean_1min,vertical_rate_std_1min,vertical_rate_min_1min,vertical_rate_max_1min,vertical_rate_median_1min,vertical_rate_count_1min
a01097,2026-02-16 21:27:18+00:00,RPA4444,United States,2026-02-16 21:27:15+00:00,2026-02-16 21:27:15+00:00,-77.4145,39.0827,3954.78,False,158.41,337.27,6.83,,3970.02,,False,0,0,38.91081111111111,0.10559927087864282,38.6869,39.0871,38.9446,45,-77.32624222222222,0.21498491119240132,-77.6594,-77.0211,-77.4393,45,49.74911111111111,60.65216356113329,0.0,231.72,29.28,45,1701.4613333333332,2780.6274144006356,83.82,10972.8,548.64,45,2.0446666666666666,6.655595595232086,-11.05,18.21,0.0,45,196.60644444444446,108.72493912194528,0.0,355.68,181.35,45,49.74911111111111,60.65216356113329,0.0,231.72,29.28,45,1701.4613333333332,2780.6274144006356,83.82,10972.8,548.64,45,2.0446666666666666,6.655595595232086,-11.05,18.21,0.0,45
a0b845,2026-02-16 21:27:18+00:00,UAL746,United States,2026-02-16 21:27:14+00:00,2026-02-16 21:27:14+00:00,-77.0379,38.8418,3954.78,True,0.0,101.25,6.83,,3970.02,,False,0,0,38.91081111111111,0.10559927087864282,38.6869,39.0871,38.9446,45,-77.32624222222222,0.21498491119240132,-77.6594,-77.0211,-77.4393,45,49.74911111111111,60.65216356113329,0.0,231.72,29.28,45,1701.4613333333332,2780.6274144006356,83.82,10972.8,548.64,45,2.0446666666666666,6.655595595232086,-11.05,18.21,0.0,45,196.60644444444446,108.72493912194528,0.0,355.68,181.35,45,49.74911111111111,60.65216356113329,0.0,231.72,29.28,45,1701.4613333333332,2780.6274144006356,83.82,10972.8,548.64,45,2.0446666666666666,6.655595595232086,-11.05,18.21,0.0,45
a0b845,2026-02-16 21:28:18+00:00,UAL746,United States,2026-02-16 21:28:10+00:00,2026-02-16 21:28:10+00:00,-77.0369,38.8434,3954.78,True,23.66,354.38,6.83,,3970.02,,False,0,0,38.907235,0.11540434056183903,38.6716,39.0977,38.9454,40,-77.32264,0.21458598754644076,-77.6203,-76.9622,-77.439,40,49.54625,60.67421078850298,0.0,233.61,26.47,40,1520.7615,2562.5867882694392,60.96,10325.1,541.02,40,1.7799999999999998,6.612765044855409,-10.73,16.58,0.0,40,187.86925,101.4552897203669,0.0,355.63,178.78,40,49.54625,60.67421078850298,0.0,233.61,26.47,40,1520.7615,2562.5867882694392,60.96,10325.1,541.02,40,1.7799999999999998,6.612765044855409,-10.73,16.58,0.0,40
a0b845,2026-02-16 21:29:18+00:00,UAL746,United States,2026-02-16 21:29:11+00:00,2026-02-16 21:29:12+00:00,-77.05,38.8818,525.78,False,89.11,322.27,16.58,,541.02,,False,0,0,38.91437317073171,0.11344944033442966,38.664,39.1317,38.9473,41,-77.31837804878049,0.22566389112150187,-77.6595,-76.8461,-77.4386,41,49.612682926829265,60.720030056991504,0.0,228.98,29.28,41,1549.8336585365853,2641.7859081743886,0.0,10927.08,541.02,41,2.1487804878048777,6.52798444970649,-4.55,16.58,0.0,41,178.84024390243903,101.77402405544858,0.0,355.86,180.0,41,49.612682926829265,60.720030056991504,0.0,228.98,29.28,41,1549.8336585365853,2641.7859081743886,0.0,10927.08,541.02,41,2.1487804878048777,6.52798444970649,-4.55,16.58,0.0,41
a12322,2026-02-16 21:27:18+00:00,JAS21,United States,2026-02-16 21:26:26+00:00,2026-02-16 21:27:10+00:00,-77.4393,38.9571,525.78,True,0.0,270.0,16.58,,541.02,,False,0,0,38.91081111111111,0.10559927087864282,38.6869,39.0871,38.9446,45,-77.32624222222222,0.21498491119240132,-77.6594,-77.0211,-77.4393,45,49.74911111111111,60.65216356113329,0.0,231.72,29.28,45,1701.4613333333332,2780.6274144006356,83.82,10972.8,548.64,45,2.0446666666666666,6.655595595232086,-11.05,18.21,0.0,45,196.60644444444446,108.72493912194528,0.0,355.68,181.35,45,49.74911111111111,60.65216356113329,0.0,231.72,29.28,45,1701.4613333333332,2780.6274144006356,83.82,10972.8,548.64,45,2.0446666666666666,6.655595595232086,-11.05,18.21,0.0,45
a12322,2026-02-16 21:28:18+00:00,JAS21,United States,2026-02-16 21:28:12+00:00,2026-02-16 21:28:12+00:00,-77.4393,38.9571,525.78,True,0.0,270.0,16.58,,541.02,,False,0,0,38.907235,0.11540434056183903,38.6716,39.0977,38.9454,40,-77.32264,0.21458598754644076,-77.6203,-76.9622,-77.439,40,49.54625,60.67421078850298,0.0,233.61,26.47,40,1520.7615,2562.5867882694392,60.96,10325.1,541.02,40,1.7799999999999998,6.612765044855409,-10.73,16.58,0.0,40,187.86925,101.4552897203669,0.0,355.63,178.78,40,49.54625,60.67421078850298,0.0,233.61,26.47,40,1520.7615,2562.5867882694392,60.96,10325.1,541.02,40,1.7799999999999998,6.612765044855409,-10.73,16.58,0.0,40
a12322,2026-02-16 21:29:18+00:00,JAS21,United States,2026-02-16 21:29:07+00:00,2026-02-16 21:29:07+00:00,-77.4393,38.9571,525.78,True,0.0,270.0,16.58,,541.02,,False,0,0,38.91437317073171,0.11344944033442966,38.664,39.1317,38.9473,41,-77.31837804878049,0.22566389112150187,-77.6595,-76.8461,-77.4386,41,49.612682926829265,60.720030056991504,0.0,228.98,29.28,41,1549.8336585365853,2641.7859081743886,0.0,10927.08,541.02,41,2.1487804878048777,6.52798444970649,-4.55,16.58,0.0,41,178.84024390243903,101.77402405544858,0.0,355.86,180.0,41,49.612682926829265,60.720030056991504,0.0,228.98,29.28,41,1549.8336585365853,2641.7859081743886,0.0,10927.08,541.02,41,2.1487804878048777,6.52798444970649,-4.55,16.58,0.0,41
a12aa5,2026-02-16 21:27:18+00:00,UAL2250,United States,2026-02-16 21:27:14+00:00,2026-02-16 21:27:14+00:00,-77.4539,38.9474,525.78,True,6.17,90.0,16.58,,541.02,4055,False,0,0,38.91081111111111,0.10559927087864282,38.6869,39.0871,38.9446,45,-77.32624222222222,0.21498491119240132,-77.6594,-77.0211,-77.4393,45,49.74911111111111,60.65216356113329,0.0,231.72,29.28,45,1701.4613333333332,2780.6274144006356,83.82,10972.8,548.64,45,2.0446666666666666,6.655595595232086,-11.05,18.21,0.0,45,196.60644444444446,108.72493912194528,0.0,355.68,181.35,45,49.74911111111111,60.65216356113329,0.0,231.72,29.28,45,1701.4613333333332,2780.6274144006356,83.82,10972.8,548.64,45,2.0446666666666666,6.655595595232086,-11.05,18.21,0.0,45
a12aa5,2026-02-16 21:28:18+00:00,UAL2250,United States,2026-02-16 21:28:11+00:00,2026-02-16 21:28:13+00:00,-77.4516,38.9473,525.78,True,0.06,90.0,16.58,,541.02,4055,False,0,0,38.907235,0.11540434056183903,38.6716,39.0977,38.9454,40,-77.32264,0.21458598754644076,-77.6203,-76.9622,-77.439,40,49.54625,60.67421078850298,0.0,233.61,26.47,40,1520.7615,2562.5867882694392,60.96,10325.1,541.02,40,1.7799999999999998,6.612765044855409,-10.73,16.58,0.0,40,187.86925,101.4552897203669,0.0,355.63,178.78,40,49.54625,60.67421078850298,0.0,233.61,26.47,40,1520.7615,2562.5867882694392,60.96,10325.1,541.02,40,1.7799999999999998,6.612765044855409,-10.73,16.58,0.0,40
a12aa5,2026-02-16 21:29:18+00:00,UAL2250,United States,2026-02-16 21:29:10+00:00,2026-02-16 21:29:10+00:00,-77.4516,38.9473,525.78,True,0.0,90.0,16.58,,541.02,4055,False,0,0,38.91437317073171,0.11344944033442966,38.664,39.1317,38.9473,41,-77.31837804878049,0.22566389112150187,-77.6595,-76.8461,-77.4386,41,49.612682926829265,60.720030056991504,0.0,228.98,29.28,41,1549.8336585365853,2641.7859081743886,0.0,10927.08,541.02,41,2.1487804878048777,6.52798444970649,-4.55,16.58,0.0,41,178.84024390243903,101.77402405544858,0.0,355.86,180.0,41,49.612682926829265,60.720030056991504,0.0,228.98,29.28,41,1549.8336585365853,2641.7859081743886,0.0,10927.08,541.02,41,2.1487804878048777,6.52798444970649,-4.55,16.58,0.0,41
a12ac9,2026-02-16 21:28:18+00:00,UAL2065,United States,2026-02-16 21:28:14+00:00,2026-02-16 21:28:15+00:00,-77.4344,39.0977,548.64,False,100.54,176.19,0.33,,563.88,3047,False,0,0,38.907235,0.11540434056183903,38.6716,39.0977,38.9454,40,-77.32264,0.21458598754644076,-77.6203,-76.9622,-77.439,40,49.54625,60.67421078850298,0.0,233.61,26.47,40,1520.7615,2562.5867882694392,60.96,10325.1,541.02,40,1.7799999999999998,6.612765044855409,-10.73,16.58,0.0,40,187.86925,101.4552897203669,0.0,355.63,178.78,40,49.54625,60.67421078850298,0.0,233.61,26.47,40,1520.7615,2562.5867882694392,60.96,10325.1,541.02,40,1.7799999999999998,6.612765044855409,-10.73,16.58,0.0,40
a12ac9,2026-02-16 21:29:18+00:00,UAL2065,United States,2026-02-16 21:29:11+00:00,2026-02-16 21:29:11+00:00,-77.4346,39.0493,548.64,False,82.85,181.42,0.0,,571.5,3047,False,0,0,38.91437317073171,0.11344944033442966,38.664,39.1317,38.9473,41,-77.31837804878049,0.22566389112150187,-77.6595,-76.8461,-77.4386,41,49.612682926829265,60.720030056991504,0.0,228.98,29.28,41,1549.8336585365853,2641.7859081743886,0.0,10927.08,541.02,41,2.1487804878048777,6.52798444970649,-4.55,16.58,0.0,41,178.84024390243903,101.77402405544858,0.0,355.86,180.0,41,49.612682926829265,60.720030056991504,0.0,228.98,29.28,41,1549.8336585365853,2641.7859081743886,0.0,10927.08,541.02,41,2.1487804878048777,6.52798444970649,-4.55,16.58,0.0,41
a12e57,2026-02-16 21:27:18+00:00,VTE3903,United States,2026-02-16 21:23:31+00:00,2026-02-16 21:23:31+00:00,-77.4528,38.9482,548.64,True,0.0,42.19,0.0,,571.5,3470,False,0,0,38.91081111111111,0.10559927087864282,38.6869,39.0871,38.9446,45,-77.32624222222222,0.21498491119240132,-77.6594,-77.0211,-77.4393,45,49.74911111111111,60.65216356113329,0.0,231.72,29.28,45,1701.4613333333332,2780.6274144006356,83.82,10972.8,548.64,45,2.0446666666666666,6.655595595232086,-11.05,18.21,0.0,45,196.60644444444446,108.72493912194528,0.0,355.68,181.35,45,49.74911111111111,60.65216356113329,0.0,231.72,29.28,45,1701.4613333333332,2780.6274144006356,83.82,10972.8,548.64,45,2.0446666666666666,6.655595595232086,-11.05,18.21,0.0,45
a12e57,2026-02-16 21:28:18+00:00,VTE3903,United States,2026-02-16 21:23:31+00:00,2026-02-16 21:23:31+00:00,-77.4528,38.9482,548.64,True,0.0,42.19,0.0,,571.5,3470,False,0,0,38.907235,0.11540434056183903,38.6716,39.0977,38.9454,40,-77.32264,0.21458598754644076,-77.6203,-76.9622,-77.439,40,49.54625,60.67421078850298,0.0,233.61,26.47,40,1520.7615,2562.5867882694392,60.96,10325.1,541.02,40,1.7799999999999998,6.612765044855409,-10.73,16.58,0.0,40,187.86925,101.4552897203669,0.0,355.63,178.78,40,49.54625,60.67421078850298,0.0,233.61,26.47,40,1520.7615,2562.5867882694392,60.96,10325.1,541.02,40,1.7799999999999998,6.612765044855409,-10.73,16.58,0.0,40
a1afde,2026-02-16 21:27:18+00:00,FDY128,United States,2026-02-16 21:25:01+00:00,2026-02-16 21:25:01+00:00,-77.4385,38.9489,548.64,True,6.43,11.25,0.0,,571.5,,False,0,0,38.91081111111111,0.10559927087864282,38.6869,39.0871,38.9446,45,-77.32624222222222,0.21498491119240132,-77.6594,-77.0211,-77.4393,45,49.74911111111111,60.65216356113329,0.0,231.72,29.28,45,1701.4613333333332,2780.6274144006356,83.82,10972.8,548.64,45,2.0446666666666666,6.655595595232086,-11.05,18.21,0.0,45,196.60644444444446,108.72493912194528,0.0,355.68,181.35,45,49.74911111111111,60.65216356113329,0.0,231.72,29.28,45,1701.4613333333332,2780.6274144006356,83.82,10972.8,548.64,45,2.0446666666666666,6.655595595232086,-11.05,18.21,0.0,45
a1afde,2026-02-16 21:28:18+00:00,FDY128,United States,2026-02-16 21:27:55+00:00,2026-02-16 21:27:55+00:00,-77.4495,38.9517,548.64,True,2.06,19.69,0.0,,571.5,,False,0,0,38.907235,0.11540434056183903,38.6716,39.0977,38.9454,40,-77.32264,0.21458598754644076,-77.6203,-76.9622,-77.439,40,49.54625,60.67421078850298,0.0,233.61,26.47,40,1520.7615,2562.5867882694392,60.96,10325.1,541.02,40,1.7799999999999998,6.612765044855409,-10.73,16.58,0.0,40,187.86925,101.4552897203669,0.0,355.63,178.78,40,49.54625,60.67421078850298,0.0,233.61,26.47,40,1520.7615,2562.5867882694392,60.96,10325.1,541.02,40,1.7799999999999998,6.612765044855409,-10.73,16.58,0.0,40
a1afde,2026-02-16 21:29:18+00:00,FDY128,United States,2026-02-16 21:28:30+00:00,2026-02-16 21:28:39+00:00,-77.4493,38.9518,548.64,True,0.0,191.25,0.0,,571.5,,False,0,0,38.91437317073171,0.11344944033442966,38.664,39.1317,38.9473,41,-77.31837804878049,0.22566389112150187,-77.6595,-76.8461,-77.4386,41,49.612682926829265,60.720030056991504,0.0,228.98,29.28,41,1549.8336585365853,2641.7859081743886,0.0,10927.08,541.02,41,2.1487804878048777,6.52798444970649,-4.55,16.58,0.0,41,178.84024390243903,101.77402405544858,0.0,355.86,180.0,41,49.612682926829265,60.720030056991504,0.0,228.98,29.28,41,1549.8336585365853,2641.7859081743886,0.0,10927.08,541.02,41,2.1487804878048777,6.52798444970649,-4.55,16.58,0.0,41
a203a9,2026-02-16 21:27:18+00:00,ENY3815,United States,2026-02-16 21:27:15+00:00,2026-02-16 21:27:15+00:00,-77.0402,38.8703,160.02,False,78.24,346.69,13.0,,182.88,,False,0,0,38.91081111111111,0.10559927087864282,38.6869,39.0871,38.9446,45,-77.32624222222222,0.21498491119240132,-77.6594,-77.0211,-77.4393,45,49.74911111111111,60.65216356113329,0.0,231.72,29.28,45,1701.4613333333332,2780.6274144006356,83.82,10972.8,548.64,45,2.0446666666666666,6.655595595232086,-11.05,18.21,0.0,45,196.60644444444446,108.72493912194528,0.0,355.68,181.35,45,49.74911111111111,60.65216356113329,0.0,231.72,29.28,45,1701.4613333333332,2780.6274144006356,83.82,10972.8,548.64,45,2.0446666666666666,6.655595595232086,-11.05,18.21,0.0,45
a203a9,2026-02-16 21:28:18+00:00,ENY3815,United States,2026-02-16 21:28:15+00:00,2026-02-16 21:28:15+00:00,-77.0838,38.9058,678.18,False,108.43,300.82,15.93,,693.42,,False,0,0,38.907235,0.11540434056183903,38.6716,39.0977,38.9454,40,-77.32264,0.21458598754644076,-77.6203,-76.9622,-77.439,40,49.54625,60.67421078850298,0.0,233.61,26.47,40,1520.7615,2562.5867882694392,60.96,10325.1,541.02,40,1.7799999999999998,6.612765044855409,-10.73,16.58,0.0,40,187.86925,101.4552897203669,0.0,355.63,178.78,40,49.54625,60.67421078850298,0.0,233.61,26.47,40,1520.7615,2562.5867882694392,60.96,10325.1,541.02,40,1.7799999999999998,6.612765044855409,-10.73,16.58,0.0,40
a203a9,2026-02-16 21:29:18+00:00,ENY3815,United States,2026-02-16 21:29:11+00:00,2026-02-16 21:29:11+00:00,-77.1326,38.9482,1440.18,False,128.64,329.74,14.96,,1455.42,,False,0,0,38.91437317073171,0.11344944033442966,38.664,39.1317,38.9473,41,-77.31837804878049,0.22566389112150187,-77.6595,-76.8461,-77.4386,41,49.612682926829265,60.720030056991504,0.0,228.98,29.28,41,1549.8336585365853,2641.7859081743886,0.0,10927.08,541.02,41,2.1487804878048777,6.52798444970649,-4.55,16.58,0.0,41,178.84024390243903,101.77402405544858,0.0,355.86,180.0,41,49.612682926829265,60.720030056991504,0.0,228.98,29.28,41,1549.8336585365853,2641.7859081743886,0.0,10927.08,541.02,41,2.1487804878048777,6.52798444970649,-4.55,16.58,0.0,41
a240dc,2026-02-16 21:27:18+00:00,SWA4248,United States,2026-02-16 21:27:15+00:00,2026-02-16 21:27:15+00:00,-77.0211,38.6869,701.04,False,88.74,355.68,0.0,,708.66,6562,False,0,0,38.91081111111111,0.10559927087864282,38.6869,39.0871,38.9446,45,-77.32624222222222,0.21498491119240132,-77.6594,-77.0211,-77.4393,45,49.74911111111111,60.65216356113329,0.0,231.72,29.28,45,1701.4613333333332,2780.6274144006356,83.82,10972.8,548.64,45,2.0446666666666666,6.655595595232086,-11.05,18.21,0.0,45,196.60644444444446,108.72493912194528,0.0,355.68,181.35,45,49.74911111111111,60.65216356113329,0.0,231.72,29.28,45,1701.4613333333332,2780.6274144006356,83.82,10972.8,548.64,45,2.0446666666666666,6.655595595232086,-11.05,18.21,0.0,45
a240dc,2026-02-16 21:28:18+00:00,SWA4248,United States,2026-02-16 21:28:15+00:00,2026-02-16 21:28:15+00:00,-77.0259,38.7339,586.74,False,81.0,355.63,-3.9,,609.6,6562,False,0,0,38.907235,0.11540434056183903,38.6716,39.0977,38.9454,40,-77.32264,0.21458598754644076,-77.6203,-76.9622,-77.439,40,49.54625,60.67421078850298,0.0,233.61,26.47,40,1520.7615,2562.5867882694392,60.96,10325.1,541.02,40,1.7799999999999998,6.612765044855409,-10.73,16.58,0.0,40,187.86925,101.4552897203669,0.0,355.63,178.78,40,49.54625,60.67421078850298,0.0,233.61,26.47,40,1520.7615,2562.5867882694392,60.96,10325.1,541.02,40,1.7799999999999998,6.612765044855409,-10.73,16.58,0.0,40
a240dc,2026-02-16 21:29:18+00:00,SWA4248,United States,2026-02-16 21:29:11+00:00,2026-02-16 21:29:11+00:00,-77.0297,38.7705,381.0,False,71.18,355.86,-4.55,,419.1,6562,False,0,0,38.91437317073171,0.11344944033442966,38.664,39.1317,38.9473,41,-77.31837804878049,0.22566389112150187,-77.6595,-76.8461,-77.4386,41,49.612682926829265,60.720030056991504,0.0,228.98,29.28,41,1549.8336585365853,2641.7859081743886,0.0,10927.08,541.02,41,2.1487804878048777,6.52798444970649,-4.55,16.58,0.0,41,178.84024390243903,101.77402405544858,0.0,355.86,180.0,41,49.612682926829265,60.720030056991504,0.0,228.98,29.28,41,1549.8336585365853,2641.7859081743886,0.0,10927.08,541.02,41,2.1487804878048777,6.52798444970649,-4.55,16.58,0.0,41
a29aff,2026-02-16 21:29:18+00:00,SWA883,United States,2026-02-16 21:29:11+00:00,2026-02-16 21:29:11+00:00,-77.0411,38.8459,381.0,True,4.89,50.62,-4.55,,419.1,6562,False,0,0,38.91437317073171,0.11344944033442966,38.664,39.1317,38.9473,41,-77.31837804878049,0.22566389112150187,-77.6595,-76.8461,-77.4386,41,49.612682926829265,60.720030056991504,0.0,228.98,29.28,41,1549.8336585365853,2641.7859081743886,0.0,10927.08,541.02,41,2.1487804878048777,6.52798444970649,-4.55,16.58,0.0,41,178.84024390243903,101.77402405544858,0.0,355.86,180.0,41,49.612682926829265,60.720030056991504,0.0,228.98,29.28,41,1549.8336585365853,2641.7859081743886,0.0,10927.08,541.02,41,2.1487804878048777,6.52798444970649,-4.55,16.58,0.0,41
a2b10b,2026-02-16 21:27:18+00:00,UAL1445,United States,2026-02-16 21:27:09+00:00,2026-02-16 21:27:13+00:00,-77.4542,38.9446,381.0,True,3.34,0.0,-4.55,,419.1,2116,False,0,0,38.91081111111111,0.10559927087864282,38.6869,39.0871,38.9446,45,-77.32624222222222,0.21498491119240132,-77.6594,-77.0211,-77.4393,45,49.74911111111111,60.65216356113329,0.0,231.72,29.28,45,1701.4613333333332,2780.6274144006356,83.82,10972.8,548.64,45,2.0446666666666666,6.655595595232086,-11.05,18.21,0.0,45,196.60644444444446,108.72493912194528,0.0,355.68,181.35,45,49.74911111111111,60.65216356113329,0.0,231.72,29.28,45,1701.4613333333332,2780.6274144006356,83.82,10972.8,548.64,45,2.0446666666666666,6.655595595232086,-11.05,18.21,0.0,45
a2b10b,2026-02-16 21:28:18+00:00,UAL1445,United States,2026-02-16 21:27:53+00:00,2026-02-16 21:27:53+00:00,-77.4542,38.945,381.0,True,0.06,0.0,-4.55,,419.1,2116,False,0,0,38.907235,0.11540434056183903,38.6716,39.0977,38.9454,40,-77.32264,0.21458598754644076,-77.6203,-76.9622,-77.439,40,49.54625,60.67421078850298,0.0,233.61,26.47,40,1520.7615,2562.5867882694392,60.96,10325.1,541.02,40,1.7799999999999998,6.612765044855409,-10.73,16.58,0.0,40,187.86925,101.4552897203669,0.0,355.63,178.78,40,49.54625,60.67421078850298,0.0,233.61,26.47,40,1520.7615,2562.5867882694392,60.96,10325.1,541.02,40,1.7799999999999998,6.612765044855409,-10.73,16.58,0.0,40
a2b10b,2026-02-16 21:29:18+00:00,UAL1445,United States,2026-02-16 21:27:53+00:00,2026-02-16 21:27:53+00:00,-77.4542,38.945,381.0,True,0.06,0.0,-4.55,,419.1,2116,False,0,0,38.91437317073171,0.11344944033442966,38.664,39.1317,38.9473,41,-77.31837804878049,0.22566389112150187,-77.6595,-76.8461,-77.4386,41,49.612682926829265,60.720030056991504,0.0,228.98,29.28,41,1549.8336585365853,2641.7859081743886,0.0,10927.08,541.02,41,2.1487804878048777,6.52798444970649,-4.55,16.58,0.0,41,178.84024390243903,101.77402405544858,0.0,355.86,180.0,41,49.612682926829265,60.720030056991504,0.0,228.98,29.28,41,1549.8336585365853,2641.7859081743886,0.0,10927.08,541.02,41,2.1487804878048777,6.52798444970649,-4.55,16.58,0.0,41
a2bc9e,2026-02-16 21:27:18+00:00,UAL2344,United States,2026-02-16 21:24:46+00:00,2026-02-16 21:24:46+00:00,-77.4479,38.9458,381.0,True,0.06,163.12,-4.55,,419.1,2745,False,0,0,38.91081111111111,0.10559927087864282,38.6869,39.0871,38.9446,45,-77.32624222222222,0.21498491119240132,-77.6594,-77.0211,-77.4393,45,49.74911111111111,60.65216356113329,0.0,231.72,29.28,45,1701.4613333333332,2780.6274144006356,83.82,10972.8,548.64,45,2.0446666666666666,6.655595595232086,-11.05,18.21,0.0,45,196.60644444444446,108.72493912194528,0.0,355.68,181.35,45,49.74911111111111,60.65216356113329,0.0,231.72,29.28,45,1701.4613333333332,2780.6274144006356,83.82,10972.8,548.64,45,2.0446666666666666,6.655595595232086,-11.05,18.21,0.0,45
a2bc9e,2026-02-16 21:28:18+00:00,UAL2344,United States,2026-02-16 21:24:46+00:00,2026-02-16 21:24:46+00:00,-77.4479,38.9458,381.0,True,0.06,163.12,-4.55,,419.1,2745,False,0,0,38.907235,0.11540434056183903,38.6716,39.0977,38.9454,40,-77.32264,0.21458598754644076,-77.6203,-76.9622,-77.439,40,49.54625,60.67421078850298,0.0,233.61,26.47,40,1520.7615,2562.5867882694392,60.96,10325.1,541.02,40,1.7799999999999998,6.612765044855409,-10.73,16.58,0.0,40,187.86925,101.4552897203669,0.0,355.63,178.78,40,49.54625,60.67421078850298,0.0,233.61,26.47,40,1520.7615,2562.5867882694392,60.96,10325.1,541.02,40,1.7799999999999998,6.612765044855409,-10.73,16.58,0.0,40
a2bc9e,2026-02-16 21:29:18+00:00,UAL2344,United States,2026-02-16 21:24:46+00:00,2026-02-16 21:24:46+00:00,-77.4479,38.9458,381.0,True,0.06,163.12,-4.55,,419.1,2745,False,0,0,38.91437317073171,0.11344944033442966,38.664,39.1317,38.9473,41,-77.31837804878049,0.22566389112150187,-77.6595,-76.8461,-77.4386,41,49.612682926829265,60.720030056991504,0.0,228.98,29.28,41,1549.8336585365853,2641.7859081743886,0.0,10927.08,541.02,41,2.1487804878048777,6.52798444970649,-4.55,16.58,0.0,41,178.84024390243903,101.77402405544858,0.0,355.86,180.0,41,49.612682926829265,60.720030056991504,0.0,228.98,29.28,41,1549.8336585365853,2641.7859081743886,0.0,10927.08,541.02,41,2.1487804878048777,6.52798444970649,-4.55,16.58,0.0,41
a2e2cd,2026-02-16 21:27:18+00:00,CXK566,United States,2026-02-16 21:27:14+00:00,2026-02-16 21:27:14+00:00,-77.5237,38.7344,175.26,False,43.85,328.92,1.95,,198.12,,False,0,0,38.91081111111111,0.10559927087864282,38.6869,39.0871,38.9446,45,-77.32624222222222,0.21498491119240132,-77.6594,-77.0211,-77.4393,45,49.74911111111111,60.65216356113329,0.0,231.72,29.28,45,1701.4613333333332,2780.6274144006356,83.82,10972.8,548.64,45,2.0446666666666666,6.655595595232086,-11.05,18.21,0.0,45,196.60644444444446,108.72493912194528,0.0,355.68,181.35,45,49.74911111111111,60.65216356113329,0.0,231.72,29.28,45,1701.4613333333332,2780.6274144006356,83.82,10972.8,548.64,45,2.0446666666666666,6.655595595232086,-11.05,18.21,0.0,45
a2e2cd,2026-02-16 21:28:18+00:00,CXK566,United States,2026-02-16 21:28:15+00:00,2026-02-16 21:28:15+00:00,-77.5519,38.7392,365.76,False,46.53,251.97,4.23,,373.38,,False,0,0,38.907235,0.11540434056183903,38.6716,39.0977,38.9454,40,-77.32264,0.21458598754644076,-77.6203,-76.9622,-77.439,40,49.54625,60.67421078850298,0.0,233.61,26.47,40,1520.7615,2562.5867882694392,60.96,10325.1,541.02,40,1.7799999999999998,6.612765044855409,-10.73,16.58,0.0,40,187.86925,101.4552897203669,0.0,355.63,178.78,40,49.54625,60.67421078850298,0.0,233.61,26.47,40,1520.7615,2562.5867882694392,60.96,10325.1,541.02,40,1.7799999999999998,6.612765044855409,-10.73,16.58,0.0,40
a2e2cd,2026-02-16 21:29:18+00:00,CXK566,United States,2026-02-16 21:29:11+00:00,2026-02-16 21:29:11+00:00,-77.5797,38.7288,556.26,False,44.95,236.67,4.88,,563.88,,False,0,0,38.91437317073171,0.11344944033442966,38.664,39.1317,38.9473,41,-77.31837804878049,0.22566389112150187,-77.6595,-76.8461,-77.4386,41,49.612682926829265,60.720030056991504,0.0,228.98,29.28,41,1549.8336585365853,2641.7859081743886,0.0,10927.08,541.02,41,2.1487804878048777,6.52798444970649,-4.55,16.58,0.0,41,178.84024390243903,101.77402405544858,0.0,355.86,180.0,41,49.612682926829265,60.720030056991504,0.0,228.98,29.28,41,1549.8336585365853,2641.7859081743886,0.0,10927.08,541.02,41,2.1487804878048777,6.52798444970649,-4.55,16.58,0.0,41
a33d97,2026-02-16 21:27:18+00:00,FFT1383,United States,2026-02-16 21:27:14+00:00,2026-02-16 21:27:14+00:00,-77.2935,38.762,9151.62,False,231.72,224.91,0.0,,9144.0,7152,False,0,1,38.91081111111111,0.10559927087864282,38.6869,39.0871,38.9446,45,-77.32624222222222,0.21498491119240132,-77.6594,-77.0211,-77.4393,45,49.74911111111111,60.65216356113329,0.0,231.72,29.28,45,1701.4613333333332,2780.6274144006356,83.82,10972.8,548.64,45,2.0446666666666666,6.655595595232086,-11.05,18.21,0.0,45,196.60644444444446,108.72493912194528,0.0,355.68,181.35,45,49.74911111111111,60.65216356113329,0.0,231.72,29.28,45,1701.4613333333332,2780.6274144006356,83.82,10972.8,548.64,45,2.0446666666666666,6.655595595232086,-11.05,18.21,0.0,45
a33d97,2026-02-16 21:28:18+00:00,FFT1383,United States,2026-02-16 21:28:14+00:00,2026-02-16 21:28:14+00:00,-77.4036,38.6716,9151.62,False,233.61,221.52,0.0,,9151.62,7152,False,0,1,38.907235,0.11540434056183903,38.6716,39.0977,38.9454,40,-77.32264,0.21458598754644076,-77.6203,-76.9622,-77.439,40,49.54625,60.67421078850298,0.0,233.61,26.47,40,1520.7615,2562.5867882694392,60.96,10325.1,541.02,40,1.7799999999999998,6.612765044855409,-10.73,16.58,0.0,40,187.86925,101.4552897203669,0.0,355.63,178.78,40,49.54625,60.67421078850298,0.0,233.61,26.47,40,1520.7615,2562.5867882694392,60.96,10325.1,541.02,40,1.7799999999999998,6.612765044855409,-10.73,16.58,0.0,40
a369af,2026-02-16 21:27:18+00:00,EJA319,United States,2026-02-16 21:27:15+00:00,2026-02-16 21:27:15+00:00,-77.4948,38.9402,495.3,False,97.64,262.13,18.21,,518.16,,False,0,0,38.91081111111111,0.10559927087864282,38.6869,39.0871,38.9446,45,-77.32624222222222,0.21498491119240132,-77.6594,-77.0211,-77.4393,45,49.74911111111111,60.65216356113329,0.0,231.72,29.28,45,1701.4613333333332,2780.6274144006356,83.82,10972.8,548.64,45,2.0446666666666666,6.655595595232086,-11.05,18.21,0.0,45,196.60644444444446,108.72493912194528,0.0,355.68,181.35,45,49.74911111111111,60.65216356113329,0.0,231.72,29.28,45,1701.4613333333332,2780.6274144006356,83.82,10972.8,548.64,45,2.0446666666666666,6.655595595232086,-11.05,18.21,0.0,45
a369af,2026-02-16 21:28:18+00:00,EJA319,United States,2026-02-16 21:28:14+00:00,2026-02-16 21:28:15+00:00,-77.5765,38.9276,1501.14,False,125.94,257.5,15.28,,1516.38,,False,0,0,38.907235,0.11540434056183903,38.6716,39.0977,38.9454,40,-77.32264,0.21458598754644076,-77.6203,-76.9622,-77.439,40,49.54625,60.67421078850298,0.0,233.61,26.47,40,1520.7615,2562.5867882694392,60.96,10325.1,541.02,40,1.7799999999999998,6.612765044855409,-10.73,16.58,0.0,40,187.86925,101.4552897203669,0.0,355.63,178.78,40,49.54625,60.67421078850298,0.0,233.61,26.47,40,1520.7615,2562.5867882694392,60.96,10325.1,541.02,40,1.7799999999999998,6.612765044855409,-10.73,16.58,0.0,40
a369af,2026-02-16 21:29:18+00:00,EJA319,United States,2026-02-16 21:29:11+00:00,2026-02-16 21:29:11+00:00,-77.6595,38.9084,1950.72,False,133.4,251.57,5.2,,1950.72,,False,0,0,38.91437317073171,0.11344944033442966,38.664,39.1317,38.9473,41,-77.31837804878049,0.22566389112150187,-77.6595,-76.8461,-77.4386,41,49.612682926829265,60.720030056991504,0.0,228.98,29.28,41,1549.8336585365853,2641.7859081743886,0.0,10927.08,541.02,41,2.1487804878048777,6.52798444970649,-4.55,16.58,0.0,41,178.84024390243903,101.77402405544858,0.0,355.86,180.0,41,49.612682926829265,60.720030056991504,0.0,228.98,29.28,41,1549.8336585365853,2641.7859081743886,0.0,10927.08,541.02,41,2.1487804878048777,6.52798444970649,-4.55,16.58,0.0,41
a3afe1,2026-02-16 21:27:18+00:00,XSR337,United States,2026-02-16 21:26:56+00:00,2026-02-16 21:26:56+00:00,-77.444,38.9511,1950.72,True,7.72,281.25,5.2,,1950.72,,False,0,0,38.91081111111111,0.10559927087864282,38.6869,39.0871,38.9446,45,-77.32624222222222,0.21498491119240132,-77.6594,-77.0211,-77.4393,45,49.74911111111111,60.65216356113329,0.0,231.72,29.28,45,1701.4613333333332,2780.6274144006356,83.82,10972.8,548.64,45,2.0446666666666666,6.655595595232086,-11.05,18.21,0.0,45,196.60644444444446,108.72493912194528,0.0,355.68,181.35,45,49.74911111111111,60.65216356113329,0.0,231.72,29.28,45,1701.4613333333332,2780.6274144006356,83.82,10972.8,548.64,45,2.0446666666666666,6.655595595232086,-11.05,18.21,0.0,45
a3afe1,2026-02-16 21:28:18+00:00,XSR337,United States,2026-02-16 21:28:01+00:00,2026-02-16 21:28:01+00:00,-77.4499,38.9511,1950.72,True,7.2,281.25,5.2,,1950.72,,False,0,0,38.907235,0.11540434056183903,38.6716,39.0977,38.9454,40,-77.32264,0.21458598754644076,-77.6203,-76.9622,-77.439,40,49.54625,60.67421078850298,0.0,233.61,26.47,40,1520.7615,2562.5867882694392,60.96,10325.1,541.02,40,1.7799999999999998,6.612765044855409,-10.73,16.58,0.0,40,187.86925,101.4552897203669,0.0,355.63,178.78,40,49.54625,60.67421078850298,0.0,233.61,26.47,40,1520.7615,2562.5867882694392,60.96,10325.1,541.02,40,1.7799999999999998,6.612765044855409,-10.73,16.58,0.0,40
a3afe1,2026-02-16 21:29:18+00:00,XSR337,United States,2026-02-16 21:29:09+00:00,2026-02-16 21:29:09+00:00,-77.455,38.9512,1950.72,True,6.17,281.25,5.2,,1950.72,,False,0,0,38.91437317073171,0.11344944033442966,38.664,39.1317,38.9473,41,-77.31837804878049,0.22566389112150187,-77.6595,-76.8461,-77.4386,41,49.612682926829265,60.720030056991504,0.0,228.98,29.28,41,1549.8336585365853,2641.7859081743886,0.0,10927.08,541.02,41,2.1487804878048777,6.52798444970649,-4.55,16.58,0.0,41,178.84024390243903,101.77402405544858,0.0,355.86,180.0,41,49.612682926829265,60.720030056991504,0.0,228.98,29.28,41,1549.8336585365853,2641.7859081743886,0.0,10927.08,541.02,41,2.1487804878048777,6.52798444970649,-4.55,16.58,0.0,41
a406e3,2026-02-16 21:27:18+00:00,N359GS,United States,2026-02-16 21:27:12+00:00,2026-02-16 21:27:12+00:00,-77.4463,38.9503,1950.72,True,7.46,90.0,5.2,,1950.72,3036,False,0,0,38.91081111111111,0.10559927087864282,38.6869,39.0871,38.9446,45,-77.32624222222222,0.21498491119240132,-77.6594,-77.0211,-77.4393,45,49.74911111111111,60.65216356113329,0.0,231.72,29.28,45,1701.4613333333332,2780.6274144006356,83.82,10972.8,548.64,45,2.0446666666666666,6.655595595232086,-11.05,18.21,0.0,45,196.60644444444446,108.72493912194528,0.0,355.68,181.35,45,49.74911111111111,60.65216356113329,0.0,231.72,29.28,45,1701.4613333333332,2780.6274144006356,83.82,10972.8,548.64,45,2.0446666666666666,6.655595595232086,-11.05,18.21,0.0,45
a406e3,2026-02-16 21:28:18+00:00,N359GS,United States,2026-02-16 21:28:05+00:00,2026-02-16 21:28:05+00:00,-77.4422,38.9502,1950.72,True,6.69,90.0,5.2,,1950.72,3036,False,0,0,38.907235,0.11540434056183903,38.6716,39.0977,38.9454,40,-77.32264,0.21458598754644076,-77.6203,-76.9622,-77.439,40,49.54625,60.67421078850298,0.0,233.61,26.47,40,1520.7615,2562.5867882694392,60.96,10325.1,541.02,40,1.7799999999999998,6.612765044855409,-10.73,16.58,0.0,40,187.86925,101.4552897203669,0.0,355.63,178.78,40,49.54625,60.67421078850298,0.0,233.61,26.47,40,1520.7615,2562.5867882694392,60.96,10325.1,541.02,40,1.7799999999999998,6.612765044855409,-10.73,16.58,0.0,40
a406e3,2026-02-16 21:29:18+00:00,N359GS,United States,2026-02-16 21:29:10+00:00,2026-02-16 21:29:11+00:00,-77.4396,38.9517,1950.72,True,7.72,0.0,5.2,,1950.72,3036,False,0,0,38.91437317073171,0.11344944033442966,38.664,39.1317,38.9473,41,-77.31837804878049,0.22566389112150187,-77.6595,-76.8461,-77.4386,41,49.612682926829265,60.720030056991504,0.0,228.98,29.28,41,1549.8336585365853,2641.7859081743886,0.0,10927.08,541.02,41,2.1487804878048777,6.52798444970649,-4.55,16.58,0.0,41,178.84024390243903,101.77402405544858,0.0,355.86,180.0,41,49.612682926829265,60.720030056991504,0.0,228.98,29.28,41,1549.8336585365853,2641.7859081743886,0.0,10927.08,541.02,41,2.1487804878048777,6.52798444970649,-4.55,16.58,0.0,41
a4095f,2026-02-16 21:27:18+00:00,UAL2268,United States,2026-02-16 21:27:14+00:00,2026-02-16 21:27:15+00:00,-77.4577,39.077,670.56,False,85.42,181.38,-4.23,,693.42,7625,False,0,0,38.91081111111111,0.10559927087864282,38.6869,39.0871,38.9446,45,-77.32624222222222,0.21498491119240132,-77.6594,-77.0211,-77.4393,45,49.74911111111111,60.65216356113329,0.0,231.72,29.28,45,1701.4613333333332,2780.6274144006356,83.82,10972.8,548.64,45,2.0446666666666666,6.655595595232086,-11.05,18.21,0.0,45,196.60644444444446,108.72493912194528,0.0,355.68,181.35,45,49.74911111111111,60.65216356113329,0.0,231.72,29.28,45,1701.4613333333332,2780.6274144006356,83.82,10972.8,548.64,45,2.0446666666666666,6.655595595232086,-11.05,18.21,0.0,45
a4095f,2026-02-16 21:28:18+00:00,UAL2268,United States,2026-02-16 21:28:14+00:00,2026-02-16 21:28:15+00:00,-77.4584,39.0342,419.1,False,77.68,180.38,-4.23,,441.96,7625,False,0,0,38.907235,0.11540434056183903,38.6716,39.0977,38.9454,40,-77.32264,0.21458598754644076,-77.6203,-76.9622,-77.439,40,49.54625,60.67421078850298,0.0,233.61,26.47,40,1520.7615,2562.5867882694392,60.96,10325.1,541.02,40,1.7799999999999998,6.612765044855409,-10.73,16.58,0.0,40,187.86925,101.4552897203669,0.0,355.63,178.78,40,49.54625,60.67421078850298,0.0,233.61,26.47,40,1520.7615,2562.5867882694392,60.96,10325.1,541.02,40,1.7799999999999998,6.612765044855409,-10.73,16.58,0.0,40
a4095f,2026-02-16 21:29:18+00:00,UAL2268,United States,2026-02-16 21:29:11+00:00,2026-02-16 21:29:11+00:00,-77.459,38.9945,175.26,False,78.2,180.38,-3.9,,213.36,7625,False,0,0,38.91437317073171,0.11344944033442966,38.664,39.1317,38.9473,41,-77.31837804878049,0.22566389112150187,-77.6595,-76.8461,-77.4386,41,49.612682926829265,60.720030056991504,0.0,228.98,29.28,41,1549.8336585365853,2641.7859081743886,0.0,10927.08,541.02,41,2.1487804878048777,6.52798444970649,-4.55,16.58,0.0,41,178.84024390243903,101.77402405544858,0.0,355.86,180.0,41,49.612682926829265,60.720030056991504,0.0,228.98,29.28,41,1549.8336585365853,2641.7859081743886,0.0,10927.08,541.02,41,2.1487804878048777,6.52798444970649,-4.55,16.58,0.0,41
a43ce3,2026-02-16 21:27:18+00:00,N372TA,United States,2026-02-16 21:27:14+00:00,2026-02-16 21:27:14+00:00,-77.5614,39.0871,198.12,False,40.02,342.03,4.55,,228.6,,False,0,0,38.91081111111111,0.10559927087864282,38.6869,39.0871,38.9446,45,-77.32624222222222,0.21498491119240132,-77.6594,-77.0211,-77.4393,45,49.74911111111111,60.65216356113329,0.0,231.72,29.28,45,1701.4613333333332,2780.6274144006356,83.82,10972.8,548.64,45,2.0446666666666666,6.655595595232086,-11.05,18.21,0.0,45,196.60644444444446,108.72493912194528,0.0,355.68,181.35,45,49.74911111111111,60.65216356113329,0.0,231.72,29.28,45,1701.4613333333332,2780.6274144006356,83.82,10972.8,548.64,45,2.0446666666666666,6.655595595232086,-11.05,18.21,0.0,45
a43ce3,2026-02-16 21:28:18+00:00,N372TA,United States,2026-02-16 21:28:14+00:00,2026-02-16 21:28:14+00:00,-77.5905,39.0869,320.04,False,51.44,253.74,0.0,,335.28,,False,0,0,38.907235,0.11540434056183903,38.6716,39.0977,38.9454,40,-77.32264,0.21458598754644076,-77.6203,-76.9622,-77.439,40,49.54625,60.67421078850298,0.0,233.61,26.47,40,1520.7615,2562.5867882694392,60.96,10325.1,541.02,40,1.7799999999999998,6.612765044855409,-10.73,16.58,0.0,40,187.86925,101.4552897203669,0.0,355.63,178.78,40,49.54625,60.67421078850298,0.0,233.61,26.47,40,1520.7615,2562.5867882694392,60.96,10325.1,541.02,40,1.7799999999999998,6.612765044855409,-10.73,16.58,0.0,40
a43ce3,2026-02-16 21:29:18+00:00,N372TA,United States,2026-02-16 21:29:12+00:00,2026-02-16 21:29:12+00:00,-77.59,39.0645,304.8,False,46.86,160.77,-0.33,,320.04,,False,0,0,38.91437317073171,0.11344944033442966,38.664,39.1317,38.9473,41,-77.31837804878049,0.22566389112150187,-77.6595,-76.8461,-77.4386,41,49.612682926829265,60.720030056991504,0.0,228.98,29.28,41,1549.8336585365853,2641.7859081743886,0.0,10927.08,541.02,41,2.1487804878048777,6.52798444970649,-4.55,16.58,0.0,41,178.84024390243903,101.77402405544858,0.0,355.86,180.0,41,49.612682926829265,60.720030056991504,0.0,228.98,29.28,41,1549.8336585365853,2641.7859081743886,0.0,10927.08,541.02,41,2.1487804878048777,6.52798444970649,-4.55,16.58,0.0,41
a4491d,2026-02-16 21:27:18+00:00,UAL8135,United States,2026-02-16 21:27:15+00:00,2026-02-16 21:27:15+00:00,-77.4349,39.0359,525.78,False,87.48,181.35,-4.88,,548.64,,False,0,0,38.91081111111111,0.10559927087864282,38.6869,39.0871,38.9446,45,-77.32624222222222,0.21498491119240132,-77.6594,-77.0211,-77.4393,45,49.74911111111111,60.65216356113329,0.0,231.72,29.28,45,1701.4613333333332,2780.6274144006356,83.82,10972.8,548.64,45,2.0446666666666666,6.655595595232086,-11.05,18.21,0.0,45,196.60644444444446,108.72493912194528,0.0,355.68,181.35,45,49.74911111111111,60.65216356113329,0.0,231.72,29.28,45,1701.4613333333332,2780.6274144006356,83.82,10972.8,548.64,45,2.0446666666666666,6.655595595232086,-11.05,18.21,0.0,45
a4491d,2026-02-16 21:28:18+00:00,UAL8135,United States,2026-02-16 21:28:15+00:00,2026-02-16 21:28:15+00:00,-77.4354,38.994,274.32,False,74.08,180.4,-4.55,,304.8,,False,0,0,38.907235,0.11540434056183903,38.6716,39.0977,38.9454,40,-77.32264,0.21458598754644076,-77.6203,-76.9622,-77.439,40,49.54625,60.67421078850298,0.0,233.61,26.47,40,1520.7615,2562.5867882694392,60.96,10325.1,541.02,40,1.7799999999999998,6.612765044855409,-10.73,16.58,0.0,40,187.86925,101.4552897203669,0.0,355.63,178.78,40,49.54625,60.67421078850298,0.0,233.61,26.47,40,1520.7615,2562.5867882694392,60.96,10325.1,541.02,40,1.7799999999999998,6.612765044855409,-10.73,16.58,0.0,40
a4491d,2026-02-16 21:29:18+00:00,UAL8135,United States,2026-02-16 21:29:10+00:00,2026-02-16 21:29:11+00:00,-77.4359,38.9566,45.72,False,75.12,180.78,-3.25,,83.82,,False,0,0,38.91437317073171,0.11344944033442966,38.664,39.1317,38.9473,41,-77.31837804878049,0.22566389112150187,-77.6595,-76.8461,-77.4386,41,49.612682926829265,60.720030056991504,0.0,228.98,29.28,41,1549.8336585365853,2641.7859081743886,0.0,10927.08,541.02,41,2.1487804878048777,6.52798444970649,-4.55,16.58,0.0,41,178.84024390243903,101.77402405544858,0.0,355.86,180.0,41,49.612682926829265,60.720030056991504,0.0,228.98,29.28,41,1549.8336585365853,2641.7859081743886,0.0,10927.08,541.02,41,2.1487804878048777,6.52798444970649,-4.55,16.58,0.0,41
a4798f,2026-02-16 21:27:18+00:00,FFT688,United States,2026-02-16 21:23:30+00:00,2026-02-16 21:23:30+00:00,-77.0418,38.8462,45.72,True,4.12,331.88,-3.25,,83.82,1443,False,0,0,38.91081111111111,0.10559927087864282,38.6869,39.0871,38.9446,45,-77.32624222222222,0.21498491119240132,-77.6594,-77.0211,-77.4393,45,49.74911111111111,60.65216356113329,0.0,231.72,29.28,45,1701.4613333333332,2780.6274144006356,83.82,10972.8,548.64,45,2.0446666666666666,6.655595595232086,-11.05,18.21,0.0,45,196.60644444444446,108.72493912194528,0.0,355.68,181.35,45,49.74911111111111,60.65216356113329,0.0,231.72,29.28,45,1701.4613333333332,2780.6274144006356,83.82,10972.8,548.64,45,2.0446666666666666,6.655595595232086,-11.05,18.21,0.0,45
a4798f,2026-02-16 21:28:18+00:00,FFT688,United States,2026-02-16 21:23:30+00:00,2026-02-16 21:23:30+00:00,-77.0418,38.8462,45.72,True,4.12,331.88,-3.25,,83.82,1443,False,0,0,38.907235,0.11540434056183903,38.6716,39.0977,38.9454,40,-77.32264,0.21458598754644076,-77.6203,-76.9622,-77.439,40,49.54625,60.67421078850298,0.0,233.61,26.47,40,1520.7615,2562.5867882694392,60.96,10325.1,541.02,40,1.7799999999999998,6.612765044855409,-10.73,16.58,0.0,40,187.86925,101.4552897203669,0.0,355.63,178.78,40,49.54625,60.67421078850298,0.0,233.61,26.47,40,1520.7615,2562.5867882694392,60.96,10325.1,541.02,40,1.7799999999999998,6.612765044855409,-10.73,16.58,0.0,40
a4f7cb,2026-02-16 21:27:18+00:00,RPA4616,United States,2026-02-16 21:25:16+00:00,2026-02-16 21:25:16+00:00,-77.0404,38.8567,45.72,True,2.83,165.94,-3.25,,83.82,4067,False,0,0,38.91081111111111,0.10559927087864282,38.6869,39.0871,38.9446,45,-77.32624222222222,0.21498491119240132,-77.6594,-77.0211,-77.4393,45,49.74911111111111,60.65216356113329,0.0,231.72,29.28,45,1701.4613333333332,2780.6274144006356,83.82,10972.8,548.64,45,2.0446666666666666,6.655595595232086,-11.05,18.21,0.0,45,196.60644444444446,108.72493912194528,0.0,355.68,181.35,45,49.74911111111111,60.65216356113329,0.0,231.72,29.28,45,1701.4613333333332,2780.6274144006356,83.82,10972.8,548.64,45,2.0446666666666666,6.655595595232086,-11.05,18.21,0.0,45
a4f7cb,2026-02-16 21:28:18+00:00,RPA4616,United States,2026-02-16 21:25:16+00:00,2026-02-16 21:25:16+00:00,-77.0404,38.8567,45.72,True,2.83,165.94,-3.25,,83.82,4067,False,0,0,38.907235,0.11540434056183903,38.6716,39.0977,38.9454,40,-77.32264,0.21458598754644076,-77.6203,-76.9622,-77.439,40,49.54625,60.67421078850298,0.0,233.61,26.47,40,1520.7615,2562.5867882694392,60.96,10325.1,541.02,40,1.7799999999999998,6.612765044855409,-10.73,16.58,0.0,40,187.86925,101.4552897203669,0.0,355.63,178.78,40,49.54625,60.67421078850298,0.0,233.61,26.47,40,1520.7615,2562.5867882694392,60.96,10325.1,541.02,40,1.7799999999999998,6.612765044855409,-10.73,16.58,0.0,40
a4f7cb,2026-02-16 21:29:18+00:00,RPA4616,United States,2026-02-16 21:25:16+00:00,2026-02-16 21:25:16+00:00,-77.0404,38.8567,45.72,True,2.83,165.94,-3.25,,83.82,4067,False,0,0,38.91437317073171,0.11344944033442966,38.664,39.1317,38.9473,41,-77.31837804878049,0.22566389112150187,-77.6595,-76.8461,-77.4386,41,49.612682926829265,60.720030056991504,0.0,228.98,29.28,41,1549.8336585365853,2641.7859081743886,0.0,10927.08,541.02,41,2.1487804878048777,6.52798444970649,-4.55,16.58,0.0,41,178.84024390243903,101.77402405544858,0.0,355.86,180.0,41,49.612682926829265,60.720030056991504,0.0,228.98,29.28,41,1549.8336585365853,2641.7859081743886,0.0,10927.08,541.02,41,2.1487804878048777,6.52798444970649,-4.55,16.58,0.0,41
a59b2b,2026-02-16 21:27:18+00:00,00000000,United States,2026-02-16 21:27:14+00:00,2026-02-16 21:27:15+00:00,-77.1353,38.8856,11026.14,False,206.26,224.9,-11.05,,10972.8,2357,False,0,0,38.91081111111111,0.10559927087864282,38.6869,39.0871,38.9446,45,-77.32624222222222,0.21498491119240132,-77.6594,-77.0211,-77.4393,45,49.74911111111111,60.65216356113329,0.0,231.72,29.28,45,1701.4613333333332,2780.6274144006356,83.82,10972.8,548.64,45,2.0446666666666666,6.655595595232086,-11.05,18.21,0.0,45,196.60644444444446,108.72493912194528,0.0,355.68,181.35,45,49.74911111111111,60.65216356113329,0.0,231.72,29.28,45,1701.4613333333332,2780.6274144006356,83.82,10972.8,548.64,45,2.0446666666666666,6.655595595232086,-11.05,18.21,0.0,45
a59b2b,2026-02-16 21:28:18+00:00,00000000,United States,2026-02-16 21:28:15+00:00,2026-02-16 21:28:15+00:00,-77.2392,38.8042,10363.2,False,212.8,224.9,-10.73,,10325.1,2357,False,0,0,38.907235,0.11540434056183903,38.6716,39.0977,38.9454,40,-77.32264,0.21458598754644076,-77.6203,-76.9622,-77.439,40,49.54625,60.67421078850298,0.0,233.61,26.47,40,1520.7615,2562.5867882694392,60.96,10325.1,541.02,40,1.7799999999999998,6.612765044855409,-10.73,16.58,0.0,40,187.86925,101.4552897203669,0.0,355.63,178.78,40,49.54625,60.67421078850298,0.0,233.61,26.47,40,1520.7615,2562.5867882694392,60.96,10325.1,541.02,40,1.7799999999999998,6.612765044855409,-10.73,16.58,0.0,40
a59b2b,2026-02-16 21:29:18+00:00,00000000,United States,2026-02-16 21:29:11+00:00,2026-02-16 21:29:11+00:00,-77.3342,38.7299,9784.08,False,201.17,224.48,-3.9,,9753.6,2357,False,0,0,38.91437317073171,0.11344944033442966,38.664,39.1317,38.9473,41,-77.31837804878049,0.22566389112150187,-77.6595,-76.8461,-77.4386,41,49.612682926829265,60.720030056991504,0.0,228.98,29.28,41,1549.8336585365853,2641.7859081743886,0.0,10927.08,541.02,41,2.1487804878048777,6.52798444970649,-4.55,16.58,0.0,41,178.84024390243903,101.77402405544858,0.0,355.86,180.0,41,49.612682926829265,60.720030056991504,0.0,228.98,29.28,41,1549.8336585365853,2641.7859081743886,0.0,10927.08,541.02,41,2.1487804878048777,6.52798444970649,-4.55,16.58,0.0,41
a5cf3f,2026-02-16 21:27:18+00:00,UAL1678,United States,2026-02-16 21:22:33+00:00,2026-02-16 21:22:33+00:00,-77.0404,38.8504,9784.08,True,1.29,264.38,-3.9,,9753.6,0663,False,0,0,38.91081111111111,0.10559927087864282,38.6869,39.0871,38.9446,45,-77.32624222222222,0.21498491119240132,-77.6594,-77.0211,-77.4393,45,49.74911111111111,60.65216356113329,0.0,231.72,29.28,45,1701.4613333333332,2780.6274144006356,83.82,10972.8,548.64,45,2.0446666666666666,6.655595595232086,-11.05,18.21,0.0,45,196.60644444444446,108.72493912194528,0.0,355.68,181.35,45,49.74911111111111,60.65216356113329,0.0,231.72,29.28,45,1701.4613333333332,2780.6274144006356,83.82,10972.8,548.64,45,2.0446666666666666,6.655595595232086,-11.05,18.21,0.0,45
a63388,2026-02-16 21:27:18+00:00,SWA1352,United States,2026-02-16 21:24:35+00:00,2026-02-16 21:24:35+00:00,-77.039,38.8427,9784.08,True,1.8,163.12,-3.9,,9753.6,,False,0,0,38.91081111111111,0.10559927087864282,38.6869,39.0871,38.9446,45,-77.32624222222222,0.21498491119240132,-77.6594,-77.0211,-77.4393,45,49.74911111111111,60.65216356113329,0.0,231.72,29.28,45,1701.4613333333332,2780.6274144006356,83.82,10972.8,548.64,45,2.0446666666666666,6.655595595232086,-11.05,18.21,0.0,45,196.60644444444446,108.72493912194528,0.0,355.68,181.35,45,49.74911111111111,60.65216356113329,0.0,231.72,29.28,45,1701.4613333333332,2780.6274144006356,83.82,10972.8,548.64,45,2.0446666666666666,6.655595595232086,-11.05,18.21,0.0,45
a63388,2026-02-16 21:28:18+00:00,SWA1352,United States,2026-02-16 21:27:56+00:00,2026-02-16 21:27:56+00:00,-77.039,38.8425,9784.08,True,2.06,171.56,-3.9,,9753.6,,False,0,0,38.907235,0.11540434056183903,38.6716,39.0977,38.9454,40,-77.32264,0.21458598754644076,-77.6203,-76.9622,-77.439,40,49.54625,60.67421078850298,0.0,233.61,26.47,40,1520.7615,2562.5867882694392,60.96,10325.1,541.02,40,1.7799999999999998,6.612765044855409,-10.73,16.58,0.0,40,187.86925,101.4552897203669,0.0,355.63,178.78,40,49.54625,60.67421078850298,0.0,233.61,26.47,40,1520.7615,2562.5867882694392,60.96,10325.1,541.02,40,1.7799999999999998,6.612765044855409,-10.73,16.58,0.0,40
a63388,2026-02-16 21:29:18+00:00,SWA1352,United States,2026-02-16 21:28:28+00:00,2026-02-16 21:28:28+00:00,-77.0387,38.842,9784.08,True,1.29,135.0,-3.9,,9753.6,,False,0,0,38.91437317073171,0.11344944033442966,38.664,39.1317,38.9473,41,-77.31837804878049,0.22566389112150187,-77.6595,-76.8461,-77.4386,41,49.612682926829265,60.720030056991504,0.0,228.98,29.28,41,1549.8336585365853,2641.7859081743886,0.0,10927.08,541.02,41,2.1487804878048777,6.52798444970649,-4.55,16.58,0.0,41,178.84024390243903,101.77402405544858,0.0,355.86,180.0,41,49.612682926829265,60.720030056991504,0.0,228.98,29.28,41,1549.8336585365853,2641.7859081743886,0.0,10927.08,541.02,41,2.1487804878048777,6.52798444970649,-4.55,16.58,0.0,41
a65b64,2026-02-16 21:27:18+00:00,JIA5460,United States,2026-02-16 21:27:15+00:00,2026-02-16 21:27:15+00:00,-77.1304,38.9447,1554.48,False,119.75,327.81,10.73,,1546.86,,False,0,0,38.91081111111111,0.10559927087864282,38.6869,39.0871,38.9446,45,-77.32624222222222,0.21498491119240132,-77.6594,-77.0211,-77.4393,45,49.74911111111111,60.65216356113329,0.0,231.72,29.28,45,1701.4613333333332,2780.6274144006356,83.82,10972.8,548.64,45,2.0446666666666666,6.655595595232086,-11.05,18.21,0.0,45,196.60644444444446,108.72493912194528,0.0,355.68,181.35,45,49.74911111111111,60.65216356113329,0.0,231.72,29.28,45,1701.4613333333332,2780.6274144006356,83.82,10972.8,548.64,45,2.0446666666666666,6.655595595232086,-11.05,18.21,0.0,45
a65b64,2026-02-16 21:28:18+00:00,JIA5460,United States,2026-02-16 21:28:14+00:00,2026-02-16 21:28:15+00:00,-77.2055,38.9754,2362.2,False,132.89,280.48,15.28,,2362.2,,False,0,0,38.907235,0.11540434056183903,38.6716,39.0977,38.9454,40,-77.32264,0.21458598754644076,-77.6203,-76.9622,-77.439,40,49.54625,60.67421078850298,0.0,233.61,26.47,40,1520.7615,2562.5867882694392,60.96,10325.1,541.02,40,1.7799999999999998,6.612765044855409,-10.73,16.58,0.0,40,187.86925,101.4552897203669,0.0,355.63,178.78,40,49.54625,60.67421078850298,0.0,233.61,26.47,40,1520.7615,2562.5867882694392,60.96,10325.1,541.02,40,1.7799999999999998,6.612765044855409,-10.73,16.58,0.0,40
a65b64,2026-02-16 21:29:18+00:00,JIA5460,United States,2026-02-16 21:29:11+00:00,2026-02-16 21:29:11+00:00,-77.2911,38.9892,3185.16,False,136.51,281.52,13.98,,3192.78,,False,0,0,38.91437317073171,0.11344944033442966,38.664,39.1317,38.9473,41,-77.31837804878049,0.22566389112150187,-77.6595,-76.8461,-77.4386,41,49.612682926829265,60.720030056991504,0.0,228.98,29.28,41,1549.8336585365853,2641.7859081743886,0.0,10927.08,541.02,41,2.1487804878048777,6.52798444970649,-4.55,16.58,0.0,41,178.84024390243903,101.77402405544858,0.0,355.86,180.0,41,49.612682926829265,60.720030056991504,0.0,228.98,29.28,41,1549.8336585365853,2641.7859081743886,0.0,10927.08,541.02,41,2.1487804878048777,6.52798444970649,-4.55,16.58,0.0,41
a66174,2026-02-16 21:29:18+00:00,JIA5284,United States,2026-02-16 21:28:28+00:00,2026-02-16 21:28:28+00:00,-77.0404,38.8567,3185.16,True,5.4,140.62,13.98,,3192.78,,False,0,0,38.91437317073171,0.11344944033442966,38.664,39.1317,38.9473,41,-77.31837804878049,0.22566389112150187,-77.6595,-76.8461,-77.4386,41,49.612682926829265,60.720030056991504,0.0,228.98,29.28,41,1549.8336585365853,2641.7859081743886,0.0,10927.08,541.02,41,2.1487804878048777,6.52798444970649,-4.55,16.58,0.0,41,178.84024390243903,101.77402405544858,0.0,355.86,180.0,41,49.612682926829265,60.720030056991504,0.0,228.98,29.28,41,1549.8336585365853,2641.7859081743886,0.0,10927.08,541.02,41,2.1487804878048777,6.52798444970649,-4.55,16.58,0.0,41
a668eb,2026-02-16 21:27:18+00:00,N512AP,United States,2026-02-16 21:27:14+00:00,2026-02-16 21:27:15+00:00,-77.6491,39.0506,350.52,False,62.26,89.05,0.33,,381.0,,False,0,0,38.91081111111111,0.10559927087864282,38.6869,39.0871,38.9446,45,-77.32624222222222,0.21498491119240132,-77.6594,-77.0211,-77.4393,45,49.74911111111111,60.65216356113329,0.0,231.72,29.28,45,1701.4613333333332,2780.6274144006356,83.82,10972.8,548.64,45,2.0446666666666666,6.655595595232086,-11.05,18.21,0.0,45,196.60644444444446,108.72493912194528,0.0,355.68,181.35,45,49.74911111111111,60.65216356113329,0.0,231.72,29.28,45,1701.4613333333332,2780.6274144006356,83.82,10972.8,548.64,45,2.0446666666666666,6.655595595232086,-11.05,18.21,0.0,45
a668eb,2026-02-16 21:28:18+00:00,N512AP,United States,2026-02-16 21:28:15+00:00,2026-02-16 21:28:15+00:00,-77.6035,39.0518,350.52,False,65.39,87.75,-0.33,,381.0,,False,0,0,38.907235,0.11540434056183903,38.6716,39.0977,38.9454,40,-77.32264,0.21458598754644076,-77.6203,-76.9622,-77.439,40,49.54625,60.67421078850298,0.0,233.61,26.47,40,1520.7615,2562.5867882694392,60.96,10325.1,541.02,40,1.7799999999999998,6.612765044855409,-10.73,16.58,0.0,40,187.86925,101.4552897203669,0.0,355.63,178.78,40,49.54625,60.67421078850298,0.0,233.61,26.47,40,1520.7615,2562.5867882694392,60.96,10325.1,541.02,40,1.7799999999999998,6.612765044855409,-10.73,16.58,0.0,40
a668eb,2026-02-16 21:29:18+00:00,N512AP,United States,2026-02-16 21:29:11+00:00,2026-02-16 21:29:11+00:00,-77.5656,39.0557,228.6,False,52.58,73.52,-4.23,,266.7,,False,0,0,38.91437317073171,0.11344944033442966,38.664,39.1317,38.9473,41,-77.31837804878049,0.22566389112150187,-77.6595,-76.8461,-77.4386,41,49.612682926829265,60.720030056991504,0.0,228.98,29.28,41,1549.8336585365853,2641.7859081743886,0.0,10927.08,541.02,41,2.1487804878048777,6.52798444970649,-4.55,16.58,0.0,41,178.84024390243903,101.77402405544858,0.0,355.86,180.0,41,49.612682926829265,60.720030056991504,0.0,228.98,29.28,41,1549.8336585365853,2641.7859081743886,0.0,10927.08,541.02,41,2.1487804878048777,6.52798444970649,-4.55,16.58,0.0,41
a6c71c,2026-02-16 21:27:18+00:00,JIA5183,United States,2026-02-16 21:27:15+00:00,2026-02-16 21:27:15+00:00,-77.0717,39.045,2758.44,False,151.84,78.27,13.66,,2758.44,,False,0,0,38.91081111111111,0.10559927087864282,38.6869,39.0871,38.9446,45,-77.32624222222222,0.21498491119240132,-77.6594,-77.0211,-77.4393,45,49.74911111111111,60.65216356113329,0.0,231.72,29.28,45,1701.4613333333332,2780.6274144006356,83.82,10972.8,548.64,45,2.0446666666666666,6.655595595232086,-11.05,18.21,0.0,45,196.60644444444446,108.72493912194528,0.0,355.68,181.35,45,49.74911111111111,60.65216356113329,0.0,231.72,29.28,45,1701.4613333333332,2780.6274144006356,83.82,10972.8,548.64,45,2.0446666666666666,6.655595595232086,-11.05,18.21,0.0,45
a6c71c,2026-02-16 21:28:18+00:00,JIA5183,United States,2026-02-16 21:28:15+00:00,2026-02-16 21:28:15+00:00,-76.9622,39.0585,3322.32,False,170.69,81.33,8.13,,3322.32,,False,0,0,38.907235,0.11540434056183903,38.6716,39.0977,38.9454,40,-77.32264,0.21458598754644076,-77.6203,-76.9622,-77.439,40,49.54625,60.67421078850298,0.0,233.61,26.47,40,1520.7615,2562.5867882694392,60.96,10325.1,541.02,40,1.7799999999999998,6.612765044855409,-10.73,16.58,0.0,40,187.86925,101.4552897203669,0.0,355.63,178.78,40,49.54625,60.67421078850298,0.0,233.61,26.47,40,1520.7615,2562.5867882694392,60.96,10325.1,541.02,40,1.7799999999999998,6.612765044855409,-10.73,16.58,0.0,40
a6c71c,2026-02-16 21:29:18+00:00,JIA5183,United States,2026-02-16 21:29:11+00:00,2026-02-16 21:29:11+00:00,-76.8461,39.0732,3733.8,False,188.94,80.28,8.13,,3741.42,0564,False,0,0,38.91437317073171,0.11344944033442966,38.664,39.1317,38.9473,41,-77.31837804878049,0.22566389112150187,-77.6595,-76.8461,-77.4386,41,49.612682926829265,60.720030056991504,0.0,228.98,29.28,41,1549.8336585365853,2641.7859081743886,0.0,10927.08,541.02,41,2.1487804878048777,6.52798444970649,-4.55,16.58,0.0,41,178.84024390243903,101.77402405544858,0.0,355.86,180.0,41,49.612682926829265,60.720030056991504,0.0,228.98,29.28,41,1549.8336585365853,2641.7859081743886,0.0,10927.08,541.02,41,2.1487804878048777,6.52798444970649,-4.55,16.58,0.0,41
a6eeb9,2026-02-16 21:27:18+00:00,JIA5447,United States,2026-02-16 21:24:33+00:00,2026-02-16 21:24:33+00:00,-77.4538,38.9492,3733.8,True,0.77,180.0,8.13,,3741.42,4145,False,0,0,38.91081111111111,0.10559927087864282,38.6869,39.0871,38.9446,45,-77.32624222222222,0.21498491119240132,-77.6594,-77.0211,-77.4393,45,49.74911111111111,60.65216356113329,0.0,231.72,29.28,45,1701.4613333333332,2780.6274144006356,83.82,10972.8,548.64,45,2.0446666666666666,6.655595595232086,-11.05,18.21,0.0,45,196.60644444444446,108.72493912194528,0.0,355.68,181.35,45,49.74911111111111,60.65216356113329,0.0,231.72,29.28,45,1701.4613333333332,2780.6274144006356,83.82,10972.8,548.64,45,2.0446666666666666,6.655595595232086,-11.05,18.21,0.0,45
a6eeb9,2026-02-16 21:28:18+00:00,JIA5447,United States,2026-02-16 21:24:33+00:00,2026-02-16 21:24:33+00:00,-77.4538,38.9492,3733.8,True,0.77,180.0,8.13,,3741.42,4145,False,0,0,38.907235,0.11540434056183903,38.6716,39.0977,38.9454,40,-77.32264,0.21458598754644076,-77.6203,-76.9622,-77.439,40,49.54625,60.67421078850298,0.0,233.61,26.47,40,1520.7615,2562.5867882694392,60.96,10325.1,541.02,40,1.7799999999999998,6.612765044855409,-10.73,16.58,0.0,40,187.86925,101.4552897203669,0.0,355.63,178.78,40,49.54625,60.67421078850298,0.0,233.61,26.47,40,1520.7615,2562.5867882694392,60.96,10325.1,541.02,40,1.7799999999999998,6.612765044855409,-10.73,16.58,0.0,40
a6eeb9,2026-02-16 21:29:18+00:00,JIA5447,United States,2026-02-16 21:24:33+00:00,2026-02-16 21:24:33+00:00,-77.4538,38.9492,3733.8,True,0.77,180.0,8.13,,3741.42,4145,False,0,0,38.91437317073171,0.11344944033442966,38.664,39.1317,38.9473,41,-77.31837804878049,0.22566389112150187,-77.6595,-76.8461,-77.4386,41,49.612682926829265,60.720030056991504,0.0,228.98,29.28,41,1549.8336585365853,2641.7859081743886,0.0,10927.08,541.02,41,2.1487804878048777,6.52798444970649,-4.55,16.58,0.0,41,178.84024390243903,101.77402405544858,0.0,355.86,180.0,41,49.612682926829265,60.720030056991504,0.0,228.98,29.28,41,1549.8336585365853,2641.7859081743886,0.0,10927.08,541.02,41,2.1487804878048777,6.52798444970649,-4.55,16.58,0.0,41
a73d54,2026-02-16 21:27:18+00:00,N566BG,United States,2026-02-16 21:27:01+00:00,2026-02-16 21:27:01+00:00,-77.5537,39.0694,83.82,False,32.05,341.27,-2.28,,106.68,,False,0,0,38.91081111111111,0.10559927087864282,38.6869,39.0871,38.9446,45,-77.32624222222222,0.21498491119240132,-77.6594,-77.0211,-77.4393,45,49.74911111111111,60.65216356113329,0.0,231.72,29.28,45,1701.4613333333332,2780.6274144006356,83.82,10972.8,548.64,45,2.0446666666666666,6.655595595232086,-11.05,18.21,0.0,45,196.60644444444446,108.72493912194528,0.0,355.68,181.35,45,49.74911111111111,60.65216356113329,0.0,231.72,29.28,45,1701.4613333333332,2780.6274144006356,83.82,10972.8,548.64,45,2.0446666666666666,6.655595595232086,-11.05,18.21,0.0,45
a73d54,2026-02-16 21:28:18+00:00,N566BG,United States,2026-02-16 21:28:14+00:00,2026-02-16 21:28:14+00:00,-77.5622,39.0892,182.88,False,39.21,340.85,4.23,,190.5,,False,0,0,38.907235,0.11540434056183903,38.6716,39.0977,38.9454,40,-77.32264,0.21458598754644076,-77.6203,-76.9622,-77.439,40,49.54625,60.67421078850298,0.0,233.61,26.47,40,1520.7615,2562.5867882694392,60.96,10325.1,541.02,40,1.7799999999999998,6.612765044855409,-10.73,16.58,0.0,40,187.86925,101.4552897203669,0.0,355.63,178.78,40,49.54625,60.67421078850298,0.0,233.61,26.47,40,1520.7615,2562.5867882694392,60.96,10325.1,541.02,40,1.7799999999999998,6.612765044855409,-10.73,16.58,0.0,40
a73d54,2026-02-16 21:29:18+00:00,N566BG,United States,2026-02-16 21:29:11+00:00,2026-02-16 21:29:11+00:00,-77.586,39.0926,320.04,False,49.46,251.19,1.95,,312.42,,False,0,0,38.91437317073171,0.11344944033442966,38.664,39.1317,38.9473,41,-77.31837804878049,0.22566389112150187,-77.6595,-76.8461,-77.4386,41,49.612682926829265,60.720030056991504,0.0,228.98,29.28,41,1549.8336585365853,2641.7859081743886,0.0,10927.08,541.02,41,2.1487804878048777,6.52798444970649,-4.55,16.58,0.0,41,178.84024390243903,101.77402405544858,0.0,355.86,180.0,41,49.612682926829265,60.720030056991504,0.0,228.98,29.28,41,1549.8336585365853,2641.7859081743886,0.0,10927.08,541.02,41,2.1487804878048777,6.52798444970649,-4.55,16.58,0.0,41
a7b133,2026-02-16 21:27:18+00:00,JIA5608,United States,2026-02-16 21:26:22+00:00,2026-02-16 21:26:22+00:00,-77.0379,38.8422,320.04,True,1.54,123.75,1.95,,312.42,,False,0,0,38.91081111111111,0.10559927087864282,38.6869,39.0871,38.9446,45,-77.32624222222222,0.21498491119240132,-77.6594,-77.0211,-77.4393,45,49.74911111111111,60.65216356113329,0.0,231.72,29.28,45,1701.4613333333332,2780.6274144006356,83.82,10972.8,548.64,45,2.0446666666666666,6.655595595232086,-11.05,18.21,0.0,45,196.60644444444446,108.72493912194528,0.0,355.68,181.35,45,49.74911111111111,60.65216356113329,0.0,231.72,29.28,45,1701.4613333333332,2780.6274144006356,83.82,10972.8,548.64,45,2.0446666666666666,6.655595595232086,-11.05,18.21,0.0,45
a7b133,2026-02-16 21:28:18+00:00,JIA5608,United States,2026-02-16 21:26:22+00:00,2026-02-16 21:26:22+00:00,-77.0379,38.8422,320.04,True,1.54,123.75,1.95,,312.42,,False,0,0,38.907235,0.11540434056183903,38.6716,39.0977,38.9454,40,-77.32264,0.21458598754644076,-77.6203,-76.9622,-77.439,40,49.54625,60.67421078850298,0.0,233.61,26.47,40,1520.7615,2562.5867882694392,60.96,10325.1,541.02,40,1.7799999999999998,6.612765044855409,-10.73,16.58,0.0,40,187.86925,101.4552897203669,0.0,355.63,178.78,40,49.54625,60.67421078850298,0.0,233.61,26.47,40,1520.7615,2562.5867882694392,60.96,10325.1,541.02,40,1.7799999999999998,6.612765044855409,-10.73,16.58,0.0,40
a7b133,2026-02-16 21:29:18+00:00,JIA5608,United States,2026-02-16 21:26:22+00:00,2026-02-16 21:26:22+00:00,-77.0379,38.8422,320.04,True,1.54,123.75,1.95,,312.42,,False,0,0,38.91437317073171,0.11344944033442966,38.664,39.1317,38.9473,41,-77.31837804878049,0.22566389112150187,-77.6595,-76.8461,-77.4386,41,49.612682926829265,60.720030056991504,0.0,228.98,29.28,41,1549.8336585365853,2641.7859081743886,0.0,10927.08,541.02,41,2.1487804878048777,6.52798444970649,-4.55,16.58,0.0,41,178.84024390243903,101.77402405544858,0.0,355.86,180.0,41,49.612682926829265,60.720030056991504,0.0,228.98,29.28,41,1549.8336585365853,2641.7859081743886,0.0,10927.08,541.02,41,2.1487804878048777,6.52798444970649,-4.55,16.58,0.0,41
a845f4,2026-02-16 21:27:18+00:00,JBU1579,United States,2026-02-16 21:27:12+00:00,2026-02-16 21:27:12+00:00,-77.0389,38.8431,320.04,True,0.0,135.0,1.95,,312.42,,False,0,0,38.91081111111111,0.10559927087864282,38.6869,39.0871,38.9446,45,-77.32624222222222,0.21498491119240132,-77.6594,-77.0211,-77.4393,45,49.74911111111111,60.65216356113329,0.0,231.72,29.28,45,1701.4613333333332,2780.6274144006356,83.82,10972.8,548.64,45,2.0446666666666666,6.655595595232086,-11.05,18.21,0.0,45,196.60644444444446,108.72493912194528,0.0,355.68,181.35,45,49.74911111111111,60.65216356113329,0.0,231.72,29.28,45,1701.4613333333332,2780.6274144006356,83.82,10972.8,548.64,45,2.0446666666666666,6.655595595232086,-11.05,18.21,0.0,45
a845f4,2026-02-16 21:28:18+00:00,JBU1579,United States,2026-02-16 21:28:07+00:00,2026-02-16 21:28:13+00:00,-77.0383,38.8427,320.04,True,0.0,163.12,1.95,,312.42,,False,0,0,38.907235,0.11540434056183903,38.6716,39.0977,38.9454,40,-77.32264,0.21458598754644076,-77.6203,-76.9622,-77.439,40,49.54625,60.67421078850298,0.0,233.61,26.47,40,1520.7615,2562.5867882694392,60.96,10325.1,541.02,40,1.7799999999999998,6.612765044855409,-10.73,16.58,0.0,40,187.86925,101.4552897203669,0.0,355.63,178.78,40,49.54625,60.67421078850298,0.0,233.61,26.47,40,1520.7615,2562.5867882694392,60.96,10325.1,541.02,40,1.7799999999999998,6.612765044855409,-10.73,16.58,0.0,40
a845f4,2026-02-16 21:29:18+00:00,JBU1579,United States,2026-02-16 21:28:59+00:00,2026-02-16 21:29:11+00:00,-77.0383,38.8427,320.04,True,0.0,163.12,1.95,,312.42,,False,0,0,38.91437317073171,0.11344944033442966,38.664,39.1317,38.9473,41,-77.31837804878049,0.22566389112150187,-77.6595,-76.8461,-77.4386,41,49.612682926829265,60.720030056991504,0.0,228.98,29.28,41,1549.8336585365853,2641.7859081743886,0.0,10927.08,541.02,41,2.1487804878048777,6.52798444970649,-4.55,16.58,0.0,41,178.84024390243903,101.77402405544858,0.0,355.86,180.0,41,49.612682926829265,60.720030056991504,0.0,228.98,29.28,41,1549.8336585365853,2641.7859081743886,0.0,10927.08,541.02,41,2.1487804878048777,6.52798444970649,-4.55,16.58,0.0,41
a8b5fc,2026-02-16 21:27:18+00:00,UAL749,United States,2026-02-16 21:27:14+00:00,2026-02-16 21:27:14+00:00,-77.4363,38.9375,320.04,True,29.32,180.0,1.95,,312.42,3441,False,0,0,38.91081111111111,0.10559927087864282,38.6869,39.0871,38.9446,45,-77.32624222222222,0.21498491119240132,-77.6594,-77.0211,-77.4393,45,49.74911111111111,60.65216356113329,0.0,231.72,29.28,45,1701.4613333333332,2780.6274144006356,83.82,10972.8,548.64,45,2.0446666666666666,6.655595595232086,-11.05,18.21,0.0,45,196.60644444444446,108.72493912194528,0.0,355.68,181.35,45,49.74911111111111,60.65216356113329,0.0,231.72,29.28,45,1701.4613333333332,2780.6274144006356,83.82,10972.8,548.64,45,2.0446666666666666,6.655595595232086,-11.05,18.21,0.0,45
a8b5fc,2026-02-16 21:28:18+00:00,UAL749,United States,2026-02-16 21:28:15+00:00,2026-02-16 21:28:15+00:00,-77.4387,38.9348,320.04,True,12.35,0.0,1.95,,312.42,3441,False,0,0,38.907235,0.11540434056183903,38.6716,39.0977,38.9454,40,-77.32264,0.21458598754644076,-77.6203,-76.9622,-77.439,40,49.54625,60.67421078850298,0.0,233.61,26.47,40,1520.7615,2562.5867882694392,60.96,10325.1,541.02,40,1.7799999999999998,6.612765044855409,-10.73,16.58,0.0,40,187.86925,101.4552897203669,0.0,355.63,178.78,40,49.54625,60.67421078850298,0.0,233.61,26.47,40,1520.7615,2562.5867882694392,60.96,10325.1,541.02,40,1.7799999999999998,6.612765044855409,-10.73,16.58,0.0,40
a8b5fc,2026-02-16 21:29:18+00:00,UAL749,United States,2026-02-16 21:29:10+00:00,2026-02-16 21:29:11+00:00,-77.4386,38.9435,320.04,True,16.46,0.0,1.95,,312.42,3441,False,0,0,38.91437317073171,0.11344944033442966,38.664,39.1317,38.9473,41,-77.31837804878049,0.22566389112150187,-77.6595,-76.8461,-77.4386,41,49.612682926829265,60.720030056991504,0.0,228.98,29.28,41,1549.8336585365853,2641.7859081743886,0.0,10927.08,541.02,41,2.1487804878048777,6.52798444970649,-4.55,16.58,0.0,41,178.84024390243903,101.77402405544858,0.0,355.86,180.0,41,49.612682926829265,60.720030056991504,0.0,228.98,29.28,41,1549.8336585365853,2641.7859081743886,0.0,10927.08,541.02,41,2.1487804878048777,6.52798444970649,-4.55,16.58,0.0,41
a8dffc,2026-02-16 21:27:18+00:00,FFT1082,United States,2026-02-16 21:23:05+00:00,2026-02-16 21:23:05+00:00,-77.4515,38.9483,320.04,True,0.0,0.0,1.95,,312.42,7276,False,0,0,38.91081111111111,0.10559927087864282,38.6869,39.0871,38.9446,45,-77.32624222222222,0.21498491119240132,-77.6594,-77.0211,-77.4393,45,49.74911111111111,60.65216356113329,0.0,231.72,29.28,45,1701.4613333333332,2780.6274144006356,83.82,10972.8,548.64,45,2.0446666666666666,6.655595595232086,-11.05,18.21,0.0,45,196.60644444444446,108.72493912194528,0.0,355.68,181.35,45,49.74911111111111,60.65216356113329,0.0,231.72,29.28,45,1701.4613333333332,2780.6274144006356,83.82,10972.8,548.64,45,2.0446666666666666,6.655595595232086,-11.05,18.21,0.0,45
a8dffc,2026-02-16 21:29:18+00:00,FFT1082,United States,2026-02-16 21:29:07+00:00,2026-02-16 21:29:07+00:00,-77.4515,38.9482,320.04,True,0.0,0.0,1.95,,312.42,7276,False,0,0,38.91437317073171,0.11344944033442966,38.664,39.1317,38.9473,41,-77.31837804878049,0.22566389112150187,-77.6595,-76.8461,-77.4386,41,49.612682926829265,60.720030056991504,0.0,228.98,29.28,41,1549.8336585365853,2641.7859081743886,0.0,10927.08,541.02,41,2.1487804878048777,6.52798444970649,-4.55,16.58,0.0,41,178.84024390243903,101.77402405544858,0.0,355.86,180.0,41,49.612682926829265,60.720030056991504,0.0,228.98,29.28,41,1549.8336585365853,2641.7859081743886,0.0,10927.08,541.02,41,2.1487804878048777,6.52798444970649,-4.55,16.58,0.0,41
a8fc72,2026-02-16 21:27:18+00:00,UAL484,United States,2026-02-16 21:27:15+00:00,2026-02-16 21:27:15+00:00,-77.5945,38.9327,1043.94,False,123.82,247.27,13.0,,1043.94,,False,0,0,38.91081111111111,0.10559927087864282,38.6869,39.0871,38.9446,45,-77.32624222222222,0.21498491119240132,-77.6594,-77.0211,-77.4393,45,49.74911111111111,60.65216356113329,0.0,231.72,29.28,45,1701.4613333333332,2780.6274144006356,83.82,10972.8,548.64,45,2.0446666666666666,6.655595595232086,-11.05,18.21,0.0,45,196.60644444444446,108.72493912194528,0.0,355.68,181.35,45,49.74911111111111,60.65216356113329,0.0,231.72,29.28,45,1701.4613333333332,2780.6274144006356,83.82,10972.8,548.64,45,2.0446666666666666,6.655595595232086,-11.05,18.21,0.0,45
a9739c,2026-02-16 21:27:18+00:00,JIA5372,United States,2026-02-16 21:27:15+00:00,2026-02-16 21:27:15+00:00,-77.0296,38.7703,403.86,False,74.38,354.84,-3.9,,419.1,7377,False,0,0,38.91081111111111,0.10559927087864282,38.6869,39.0871,38.9446,45,-77.32624222222222,0.21498491119240132,-77.6594,-77.0211,-77.4393,45,49.74911111111111,60.65216356113329,0.0,231.72,29.28,45,1701.4613333333332,2780.6274144006356,83.82,10972.8,548.64,45,2.0446666666666666,6.655595595232086,-11.05,18.21,0.0,45,196.60644444444446,108.72493912194528,0.0,355.68,181.35,45,49.74911111111111,60.65216356113329,0.0,231.72,29.28,45,1701.4613333333332,2780.6274144006356,83.82,10972.8,548.64,45,2.0446666666666666,6.655595595232086,-11.05,18.21,0.0,45
a9739c,2026-02-16 21:28:18+00:00,JIA5372,United States,2026-02-16 21:28:14+00:00,2026-02-16 21:28:14+00:00,-77.0334,38.808,160.02,False,70.19,355.38,-3.58,,182.88,7377,False,0,0,38.907235,0.11540434056183903,38.6716,39.0977,38.9454,40,-77.32264,0.21458598754644076,-77.6203,-76.9622,-77.439,40,49.54625,60.67421078850298,0.0,233.61,26.47,40,1520.7615,2562.5867882694392,60.96,10325.1,541.02,40,1.7799999999999998,6.612765044855409,-10.73,16.58,0.0,40,187.86925,101.4552897203669,0.0,355.63,178.78,40,49.54625,60.67421078850298,0.0,233.61,26.47,40,1520.7615,2562.5867882694392,60.96,10325.1,541.02,40,1.7799999999999998,6.612765044855409,-10.73,16.58,0.0,40
a9739c,2026-02-16 21:29:18+00:00,JIA5372,United States,2026-02-16 21:29:06+00:00,2026-02-16 21:29:06+00:00,-77.0367,38.8408,-38.1,False,69.68,355.34,-4.23,,0.0,7377,False,0,0,38.91437317073171,0.11344944033442966,38.664,39.1317,38.9473,41,-77.31837804878049,0.22566389112150187,-77.6595,-76.8461,-77.4386,41,49.612682926829265,60.720030056991504,0.0,228.98,29.28,41,1549.8336585365853,2641.7859081743886,0.0,10927.08,541.02,41,2.1487804878048777,6.52798444970649,-4.55,16.58,0.0,41,178.84024390243903,101.77402405544858,0.0,355.86,180.0,41,49.612682926829265,60.720030056991504,0.0,228.98,29.28,41,1549.8336585365853,2641.7859081743886,0.0,10927.08,541.02,41,2.1487804878048777,6.52798444970649,-4.55,16.58,0.0,41
a9ea96,2026-02-16 21:29:18+00:00,AAL3066,United States,2026-02-16 21:29:11+00:00,2026-02-16 21:29:11+00:00,-77.0207,38.6828,701.04,False,89.76,355.73,0.0,,716.28,3525,False,0,0,38.91437317073171,0.11344944033442966,38.664,39.1317,38.9473,41,-77.31837804878049,0.22566389112150187,-77.6595,-76.8461,-77.4386,41,49.612682926829265,60.720030056991504,0.0,228.98,29.28,41,1549.8336585365853,2641.7859081743886,0.0,10927.08,541.02,41,2.1487804878048777,6.52798444970649,-4.55,16.58,0.0,41,178.84024390243903,101.77402405544858,0.0,355.86,180.0,41,49.612682926829265,60.720030056991504,0.0,228.98,29.28,41,1549.8336585365853,2641.7859081743886,0.0,10927.08,541.02,41,2.1487804878048777,6.52798444970649,-4.55,16.58,0.0,41
aa7dad,2026-02-16 21:27:18+00:00,AAL980,United States,2026-02-16 21:27:12+00:00,2026-02-16 21:27:12+00:00,-77.0424,38.8543,701.04,True,0.0,163.12,0.0,,716.28,,False,0,0,38.91081111111111,0.10559927087864282,38.6869,39.0871,38.9446,45,-77.32624222222222,0.21498491119240132,-77.6594,-77.0211,-77.4393,45,49.74911111111111,60.65216356113329,0.0,231.72,29.28,45,1701.4613333333332,2780.6274144006356,83.82,10972.8,548.64,45,2.0446666666666666,6.655595595232086,-11.05,18.21,0.0,45,196.60644444444446,108.72493912194528,0.0,355.68,181.35,45,49.74911111111111,60.65216356113329,0.0,231.72,29.28,45,1701.4613333333332,2780.6274144006356,83.82,10972.8,548.64,45,2.0446666666666666,6.655595595232086,-11.05,18.21,0.0,45
aa7dad,2026-02-16 21:28:18+00:00,AAL980,United States,2026-02-16 21:27:12+00:00,2026-02-16 21:28:14+00:00,-77.0424,38.8543,701.04,True,0.0,163.12,0.0,,716.28,,False,0,0,38.907235,0.11540434056183903,38.6716,39.0977,38.9454,40,-77.32264,0.21458598754644076,-77.6203,-76.9622,-77.439,40,49.54625,60.67421078850298,0.0,233.61,26.47,40,1520.7615,2562.5867882694392,60.96,10325.1,541.02,40,1.7799999999999998,6.612765044855409,-10.73,16.58,0.0,40,187.86925,101.4552897203669,0.0,355.63,178.78,40,49.54625,60.67421078850298,0.0,233.61,26.47,40,1520.7615,2562.5867882694392,60.96,10325.1,541.02,40,1.7799999999999998,6.612765044855409,-10.73,16.58,0.0,40
aa7dad,2026-02-16 21:29:18+00:00,AAL980,United States,2026-02-16 21:29:10+00:00,2026-02-16 21:29:10+00:00,-77.0424,38.8544,701.04,True,0.0,163.12,0.0,,716.28,,False,0,0,38.91437317073171,0.11344944033442966,38.664,39.1317,38.9473,41,-77.31837804878049,0.22566389112150187,-77.6595,-76.8461,-77.4386,41,49.612682926829265,60.720030056991504,0.0,228.98,29.28,41,1549.8336585365853,2641.7859081743886,0.0,10927.08,541.02,41,2.1487804878048777,6.52798444970649,-4.55,16.58,0.0,41,178.84024390243903,101.77402405544858,0.0,355.86,180.0,41,49.612682926829265,60.720030056991504,0.0,228.98,29.28,41,1549.8336585365853,2641.7859081743886,0.0,10927.08,541.02,41,2.1487804878048777,6.52798444970649,-4.55,16.58,0.0,41
aa7e56,2026-02-16 21:29:18+00:00,UAL1183,United States,2026-02-16 21:29:10+00:00,2026-02-16 21:29:11+00:00,-77.3595,39.1317,10972.8,False,228.98,218.98,0.0,,10927.08,5663,False,0,0,38.91437317073171,0.11344944033442966,38.664,39.1317,38.9473,41,-77.31837804878049,0.22566389112150187,-77.6595,-76.8461,-77.4386,41,49.612682926829265,60.720030056991504,0.0,228.98,29.28,41,1549.8336585365853,2641.7859081743886,0.0,10927.08,541.02,41,2.1487804878048777,6.52798444970649,-4.55,16.58,0.0,41,178.84024390243903,101.77402405544858,0.0,355.86,180.0,41,49.612682926829265,60.720030056991504,0.0,228.98,29.28,41,1549.8336585365853,2641.7859081743886,0.0,10927.08,541.02,41,2.1487804878048777,6.52798444970649,-4.55,16.58,0.0,41
aa7ebc,2026-02-16 21:27:18+00:00,UAL1101,United States,2026-02-16 21:27:15+00:00,2026-02-16 21:27:15+00:00,-77.6594,38.8415,2057.4,False,144.46,198.05,6.18,,2049.78,,False,0,0,38.91081111111111,0.10559927087864282,38.6869,39.0871,38.9446,45,-77.32624222222222,0.21498491119240132,-77.6594,-77.0211,-77.4393,45,49.74911111111111,60.65216356113329,0.0,231.72,29.28,45,1701.4613333333332,2780.6274144006356,83.82,10972.8,548.64,45,2.0446666666666666,6.655595595232086,-11.05,18.21,0.0,45,196.60644444444446,108.72493912194528,0.0,355.68,181.35,45,49.74911111111111,60.65216356113329,0.0,231.72,29.28,45,1701.4613333333332,2780.6274144006356,83.82,10972.8,548.64,45,2.0446666666666666,6.655595595232086,-11.05,18.21,0.0,45
ab9968,2026-02-16 21:27:18+00:00,N84662,United States,2026-02-16 21:25:08+00:00,2026-02-16 21:25:09+00:00,-77.5537,39.0691,91.44,False,29.28,341.57,-2.93,,106.68,,False,0,0,38.91081111111111,0.10559927087864282,38.6869,39.0871,38.9446,45,-77.32624222222222,0.21498491119240132,-77.6594,-77.0211,-77.4393,45,49.74911111111111,60.65216356113329,0.0,231.72,29.28,45,1701.4613333333332,2780.6274144006356,83.82,10972.8,548.64,45,2.0446666666666666,6.655595595232086,-11.05,18.21,0.0,45,196.60644444444446,108.72493912194528,0.0,355.68,181.35,45,49.74911111111111,60.65216356113329,0.0,231.72,29.28,45,1701.4613333333332,2780.6274144006356,83.82,10972.8,548.64,45,2.0446666666666666,6.655595595232086,-11.05,18.21,0.0,45
ab9968,2026-02-16 21:28:18+00:00,N84662,United States,2026-02-16 21:25:08+00:00,2026-02-16 21:25:09+00:00,-77.5537,39.0691,91.44,False,29.28,341.57,-2.93,,106.68,,False,0,0,38.907235,0.11540434056183903,38.6716,39.0977,38.9454,40,-77.32264,0.21458598754644076,-77.6203,-76.9622,-77.439,40,49.54625,60.67421078850298,0.0,233.61,26.47,40,1520.7615,2562.5867882694392,60.96,10325.1,541.02,40,1.7799999999999998,6.612765044855409,-10.73,16.58,0.0,40,187.86925,101.4552897203669,0.0,355.63,178.78,40,49.54625,60.67421078850298,0.0,233.61,26.47,40,1520.7615,2562.5867882694392,60.96,10325.1,541.02,40,1.7799999999999998,6.612765044855409,-10.73,16.58,0.0,40
ab9968,2026-02-16 21:29:18+00:00,N84662,United States,2026-02-16 21:25:08+00:00,2026-02-16 21:25:09+00:00,-77.5537,39.0691,91.44,False,29.28,341.57,-2.93,,106.68,,False,0,0,38.91437317073171,0.11344944033442966,38.664,39.1317,38.9473,41,-77.31837804878049,0.22566389112150187,-77.6595,-76.8461,-77.4386,41,49.612682926829265,60.720030056991504,0.0,228.98,29.28,41,1549.8336585365853,2641.7859081743886,0.0,10927.08,541.02,41,2.1487804878048777,6.52798444970649,-4.55,16.58,0.0,41,178.84024390243903,101.77402405544858,0.0,355.86,180.0,41,49.612682926829265,60.720030056991504,0.0,228.98,29.28,41,1549.8336585365853,2641.7859081743886,0.0,10927.08,541.02,41,2.1487804878048777,6.52798444970649,-4.55,16.58,0.0,41
ab9e5a,2026-02-16 21:27:18+00:00,EJM848,United States,2026-02-16 21:27:14+00:00,2026-02-16 21:27:14+00:00,-77.4588,39.0012,220.98,False,62.25,180.47,-3.25,,251.46,6774,False,0,0,38.91081111111111,0.10559927087864282,38.6869,39.0871,38.9446,45,-77.32624222222222,0.21498491119240132,-77.6594,-77.0211,-77.4393,45,49.74911111111111,60.65216356113329,0.0,231.72,29.28,45,1701.4613333333332,2780.6274144006356,83.82,10972.8,548.64,45,2.0446666666666666,6.655595595232086,-11.05,18.21,0.0,45,196.60644444444446,108.72493912194528,0.0,355.68,181.35,45,49.74911111111111,60.65216356113329,0.0,231.72,29.28,45,1701.4613333333332,2780.6274144006356,83.82,10972.8,548.64,45,2.0446666666666666,6.655595595232086,-11.05,18.21,0.0,45
ab9e5a,2026-02-16 21:28:18+00:00,EJM848,United States,2026-02-16 21:28:12+00:00,2026-02-16 21:28:14+00:00,-77.4593,38.9688,22.86,False,58.65,180.5,-2.28,,60.96,6774,False,0,0,38.907235,0.11540434056183903,38.6716,39.0977,38.9454,40,-77.32264,0.21458598754644076,-77.6203,-76.9622,-77.439,40,49.54625,60.67421078850298,0.0,233.61,26.47,40,1520.7615,2562.5867882694392,60.96,10325.1,541.02,40,1.7799999999999998,6.612765044855409,-10.73,16.58,0.0,40,187.86925,101.4552897203669,0.0,355.63,178.78,40,49.54625,60.67421078850298,0.0,233.61,26.47,40,1520.7615,2562.5867882694392,60.96,10325.1,541.02,40,1.7799999999999998,6.612765044855409,-10.73,16.58,0.0,40
ab9e5a,2026-02-16 21:29:18+00:00,EJM848,United States,2026-02-16 21:28:28+00:00,2026-02-16 21:28:28+00:00,-77.4595,38.9614,15.24,False,49.39,180.6,-0.65,,53.34,6774,False,0,0,38.91437317073171,0.11344944033442966,38.664,39.1317,38.9473,41,-77.31837804878049,0.22566389112150187,-77.6595,-76.8461,-77.4386,41,49.612682926829265,60.720030056991504,0.0,228.98,29.28,41,1549.8336585365853,2641.7859081743886,0.0,10927.08,541.02,41,2.1487804878048777,6.52798444970649,-4.55,16.58,0.0,41,178.84024390243903,101.77402405544858,0.0,355.86,180.0,41,49.612682926829265,60.720030056991504,0.0,228.98,29.28,41,1549.8336585365853,2641.7859081743886,0.0,10927.08,541.02,41,2.1487804878048777,6.52798444970649,-4.55,16.58,0.0,41
abcb63,2026-02-16 21:27:18+00:00,N85918,United States,2026-02-16 21:27:14+00:00,2026-02-16 21:27:14+00:00,-77.5849,38.7229,579.12,False,71.31,223.83,1.63,,571.5,,False,0,0,38.91081111111111,0.10559927087864282,38.6869,39.0871,38.9446,45,-77.32624222222222,0.21498491119240132,-77.6594,-77.0211,-77.4393,45,49.74911111111111,60.65216356113329,0.0,231.72,29.28,45,1701.4613333333332,2780.6274144006356,83.82,10972.8,548.64,45,2.0446666666666666,6.655595595232086,-11.05,18.21,0.0,45,196.60644444444446,108.72493912194528,0.0,355.68,181.35,45,49.74911111111111,60.65216356113329,0.0,231.72,29.28,45,1701.4613333333332,2780.6274144006356,83.82,10972.8,548.64,45,2.0446666666666666,6.655595595232086,-11.05,18.21,0.0,45
abcb63,2026-02-16 21:28:18+00:00,N85918,United States,2026-02-16 21:28:15+00:00,2026-02-16 21:28:15+00:00,-77.6203,38.6943,640.08,False,74.21,224.44,-0.65,,655.32,,False,0,0,38.907235,0.11540434056183903,38.6716,39.0977,38.9454,40,-77.32264,0.21458598754644076,-77.6203,-76.9622,-77.439,40,49.54625,60.67421078850298,0.0,233.61,26.47,40,1520.7615,2562.5867882694392,60.96,10325.1,541.02,40,1.7799999999999998,6.612765044855409,-10.73,16.58,0.0,40,187.86925,101.4552897203669,0.0,355.63,178.78,40,49.54625,60.67421078850298,0.0,233.61,26.47,40,1520.7615,2562.5867882694392,60.96,10325.1,541.02,40,1.7799999999999998,6.612765044855409,-10.73,16.58,0.0,40
abcb63,2026-02-16 21:29:18+00:00,N85918,United States,2026-02-16 21:29:11+00:00,2026-02-16 21:29:11+00:00,-77.652,38.664,670.56,False,77.07,217.41,-0.33,,670.56,,False,0,0,38.91437317073171,0.11344944033442966,38.664,39.1317,38.9473,41,-77.31837804878049,0.22566389112150187,-77.6595,-76.8461,-77.4386,41,49.612682926829265,60.720030056991504,0.0,228.98,29.28,41,1549.8336585365853,2641.7859081743886,0.0,10927.08,541.02,41,2.1487804878048777,6.52798444970649,-4.55,16.58,0.0,41,178.84024390243903,101.77402405544858,0.0,355.86,180.0,41,49.612682926829265,60.720030056991504,0.0,228.98,29.28,41,1549.8336585365853,2641.7859081743886,0.0,10927.08,541.02,41,2.1487804878048777,6.52798444970649,-4.55,16.58,0.0,41
ac4ace,2026-02-16 21:27:18+00:00,UAL547,United States,2026-02-16 21:22:36+00:00,2026-02-16 21:22:36+00:00,-77.4437,38.9461,670.56,True,2.06,185.62,-0.33,,670.56,7664,False,0,0,38.91081111111111,0.10559927087864282,38.6869,39.0871,38.9446,45,-77.32624222222222,0.21498491119240132,-77.6594,-77.0211,-77.4393,45,49.74911111111111,60.65216356113329,0.0,231.72,29.28,45,1701.4613333333332,2780.6274144006356,83.82,10972.8,548.64,45,2.0446666666666666,6.655595595232086,-11.05,18.21,0.0,45,196.60644444444446,108.72493912194528,0.0,355.68,181.35,45,49.74911111111111,60.65216356113329,0.0,231.72,29.28,45,1701.4613333333332,2780.6274144006356,83.82,10972.8,548.64,45,2.0446666666666666,6.655595595232086,-11.05,18.21,0.0,45
ac6c2c,2026-02-16 21:27:18+00:00,N9TJ,United States,2026-02-16 21:27:14+00:00,2026-02-16 21:27:15+00:00,-77.1127,38.7392,1059.18,False,104.65,176.34,-4.23,,1059.18,1341,False,0,0,38.91081111111111,0.10559927087864282,38.6869,39.0871,38.9446,45,-77.32624222222222,0.21498491119240132,-77.6594,-77.0211,-77.4393,45,49.74911111111111,60.65216356113329,0.0,231.72,29.28,45,1701.4613333333332,2780.6274144006356,83.82,10972.8,548.64,45,2.0446666666666666,6.655595595232086,-11.05,18.21,0.0,45,196.60644444444446,108.72493912194528,0.0,355.68,181.35,45,49.74911111111111,60.65216356113329,0.0,231.72,29.28,45,1701.4613333333332,2780.6274144006356,83.82,10972.8,548.64,45,2.0446666666666666,6.655595595232086,-11.05,18.21,0.0,45
ac6c2c,2026-02-16 21:28:18+00:00,N9TJ,United States,2026-02-16 21:28:14+00:00,2026-02-16 21:28:15+00:00,-77.1094,38.6837,868.68,False,96.8,177.56,-1.95,,876.3,1341,False,0,0,38.907235,0.11540434056183903,38.6716,39.0977,38.9454,40,-77.32264,0.21458598754644076,-77.6203,-76.9622,-77.439,40,49.54625,60.67421078850298,0.0,233.61,26.47,40,1520.7615,2562.5867882694392,60.96,10325.1,541.02,40,1.7799999999999998,6.612765044855409,-10.73,16.58,0.0,40,187.86925,101.4552897203669,0.0,355.63,178.78,40,49.54625,60.67421078850298,0.0,233.61,26.47,40,1520.7615,2562.5867882694392,60.96,10325.1,541.02,40,1.7799999999999998,6.612765044855409,-10.73,16.58,0.0,40
ade8fa,2026-02-16 21:27:18+00:00,AAL2414,United States,2026-02-16 21:27:14+00:00,2026-02-16 21:27:14+00:00,-77.4572,38.9492,868.68,True,6.43,0.0,-1.95,,876.3,3460,False,0,0,38.91081111111111,0.10559927087864282,38.6869,39.0871,38.9446,45,-77.32624222222222,0.21498491119240132,-77.6594,-77.0211,-77.4393,45,49.74911111111111,60.65216356113329,0.0,231.72,29.28,45,1701.4613333333332,2780.6274144006356,83.82,10972.8,548.64,45,2.0446666666666666,6.655595595232086,-11.05,18.21,0.0,45,196.60644444444446,108.72493912194528,0.0,355.68,181.35,45,49.74911111111111,60.65216356113329,0.0,231.72,29.28,45,1701.4613333333332,2780.6274144006356,83.82,10972.8,548.64,45,2.0446666666666666,6.655595595232086,-11.05,18.21,0.0,45
ade8fa,2026-02-16 21:28:18+00:00,AAL2414,United States,2026-02-16 21:28:13+00:00,2026-02-16 21:28:13+00:00,-77.4559,38.9504,868.68,True,5.4,84.38,-1.95,,876.3,3460,False,0,0,38.907235,0.11540434056183903,38.6716,39.0977,38.9454,40,-77.32264,0.21458598754644076,-77.6203,-76.9622,-77.439,40,49.54625,60.67421078850298,0.0,233.61,26.47,40,1520.7615,2562.5867882694392,60.96,10325.1,541.02,40,1.7799999999999998,6.612765044855409,-10.73,16.58,0.0,40,187.86925,101.4552897203669,0.0,355.63,178.78,40,49.54625,60.67421078850298,0.0,233.61,26.47,40,1520.7615,2562.5867882694392,60.96,10325.1,541.02,40,1.7799999999999998,6.612765044855409,-10.73,16.58,0.0,40
ade8fa,2026-02-16 21:29:18+00:00,AAL2414,United States,2026-02-16 21:28:48+00:00,2026-02-16 21:28:48+00:00,-77.4535,38.9504,868.68,True,4.89,92.81,-1.95,,876.3,3460,False,0,0,38.91437317073171,0.11344944033442966,38.664,39.1317,38.9473,41,-77.31837804878049,0.22566389112150187,-77.6595,-76.8461,-77.4386,41,49.612682926829265,60.720030056991504,0.0,228.98,29.28,41,1549.8336585365853,2641.7859081743886,0.0,10927.08,541.02,41,2.1487804878048777,6.52798444970649,-4.55,16.58,0.0,41,178.84024390243903,101.77402405544858,0.0,355.86,180.0,41,49.612682926829265,60.720030056991504,0.0,228.98,29.28,41,1549.8336585365853,2641.7859081743886,0.0,10927.08,541.02,41,2.1487804878048777,6.52798444970649,-4.55,16.58,0.0,41
ae481f,2026-02-16 21:27:18+00:00,PAT61,United States,2026-02-16 21:27:13+00:00,2026-02-16 21:27:14+00:00,-77.2754,38.7254,388.62,False,62.9,344.83,-1.95,,403.86,,False,0,0,38.91081111111111,0.10559927087864282,38.6869,39.0871,38.9446,45,-77.32624222222222,0.21498491119240132,-77.6594,-77.0211,-77.4393,45,49.74911111111111,60.65216356113329,0.0,231.72,29.28,45,1701.4613333333332,2780.6274144006356,83.82,10972.8,548.64,45,2.0446666666666666,6.655595595232086,-11.05,18.21,0.0,45,196.60644444444446,108.72493912194528,0.0,355.68,181.35,45,49.74911111111111,60.65216356113329,0.0,231.72,29.28,45,1701.4613333333332,2780.6274144006356,83.82,10972.8,548.64,45,2.0446666666666666,6.655595595232086,-11.05,18.21,0.0,45
ae481f,2026-02-16 21:28:18+00:00,PAT61,United States,2026-02-16 21:28:14+00:00,2026-02-16 21:28:14+00:00,-77.2929,38.7256,396.24,False,60.8,147.79,0.0,,411.48,,False,0,0,38.907235,0.11540434056183903,38.6716,39.0977,38.9454,40,-77.32264,0.21458598754644076,-77.6203,-76.9622,-77.439,40,49.54625,60.67421078850298,0.0,233.61,26.47,40,1520.7615,2562.5867882694392,60.96,10325.1,541.02,40,1.7799999999999998,6.612765044855409,-10.73,16.58,0.0,40,187.86925,101.4552897203669,0.0,355.63,178.78,40,49.54625,60.67421078850298,0.0,233.61,26.47,40,1520.7615,2562.5867882694392,60.96,10325.1,541.02,40,1.7799999999999998,6.612765044855409,-10.73,16.58,0.0,40
ae481f,2026-02-16 21:29:18+00:00,PAT61,United States,2026-02-16 21:29:11+00:00,2026-02-16 21:29:12+00:00,-77.2728,38.7034,403.86,False,56.08,142.08,0.0,,419.1,,False,0,0,38.91437317073171,0.11344944033442966,38.664,39.1317,38.9473,41,-77.31837804878049,0.22566389112150187,-77.6595,-76.8461,-77.4386,41,49.612682926829265,60.720030056991504,0.0,228.98,29.28,41,1549.8336585365853,2641.7859081743886,0.0,10927.08,541.02,41,2.1487804878048777,6.52798444970649,-4.55,16.58,0.0,41,178.84024390243903,101.77402405544858,0.0,355.86,180.0,41,49.612682926829265,60.720030056991504,0.0,228.98,29.28,41,1549.8336585365853,2641.7859081743886,0.0,10927.08,541.02,41,2.1487804878048777,6.52798444970649,-4.55,16.58,0.0,41
c05d08,2026-02-16 21:27:18+00:00,JZA824,Canada,2026-02-16 21:23:41+00:00,2026-02-16 21:23:42+00:00,-77.0388,38.842,403.86,True,0.64,126.56,0.0,,419.1,,False,0,0,38.91081111111111,0.10559927087864282,38.6869,39.0871,38.9446,45,-77.32624222222222,0.21498491119240132,-77.6594,-77.0211,-77.4393,45,49.74911111111111,60.65216356113329,0.0,231.72,29.28,45,1701.4613333333332,2780.6274144006356,83.82,10972.8,548.64,45,2.0446666666666666,6.655595595232086,-11.05,18.21,0.0,45,196.60644444444446,108.72493912194528,0.0,355.68,181.35,45,49.74911111111111,60.65216356113329,0.0,231.72,29.28,45,1701.4613333333332,2780.6274144006356,83.82,10972.8,548.64,45,2.0446666666666666,6.655595595232086,-11.05,18.21,0.0,45
c05d08,2026-02-16 21:28:18+00:00,JZA824,Canada,2026-02-16 21:27:56+00:00,2026-02-16 21:27:56+00:00,-77.0381,38.8418,403.86,True,2.83,109.69,0.0,,419.1,,False,0,0,38.907235,0.11540434056183903,38.6716,39.0977,38.9454,40,-77.32264,0.21458598754644076,-77.6203,-76.9622,-77.439,40,49.54625,60.67421078850298,0.0,233.61,26.47,40,1520.7615,2562.5867882694392,60.96,10325.1,541.02,40,1.7799999999999998,6.612765044855409,-10.73,16.58,0.0,40,187.86925,101.4552897203669,0.0,355.63,178.78,40,49.54625,60.67421078850298,0.0,233.61,26.47,40,1520.7615,2562.5867882694392,60.96,10325.1,541.02,40,1.7799999999999998,6.612765044855409,-10.73,16.58,0.0,40
c05d08,2026-02-16 21:29:18+00:00,JZA824,Canada,2026-02-16 21:27:56+00:00,2026-02-16 21:27:56+00:00,-77.0381,38.8418,403.86,True,2.83,109.69,0.0,,419.1,,False,0,0,38.91437317073171,0.11344944033442966,38.664,39.1317,38.9473,41,-77.31837804878049,0.22566389112150187,-77.6595,-76.8461,-77.4386,41,49.612682926829265,60.720030056991504,0.0,228.98,29.28,41,1549.8336585365853,2641.7859081743886,0.0,10927.08,541.02,41,2.1487804878048777,6.52798444970649,-4.55,16.58,0.0,41,178.84024390243903,101.77402405544858,0.0,355.86,180.0,41,49.612682926829265,60.720030056991504,0.0,228.98,29.28,41,1549.8336585365853,2641.7859081743886,0.0,10927.08,541.02,41,2.1487804878048777,6.52798444970649,-4.55,16.58,0.0,41
c07572,2026-02-16 21:27:18+00:00,CGSMJ,Canada,2026-02-16 21:27:14+00:00,2026-02-16 21:27:14+00:00,-77.453,38.9693,403.86,True,0.0,90.0,0.0,,419.1,,False,0,0,38.91081111111111,0.10559927087864282,38.6869,39.0871,38.9446,45,-77.32624222222222,0.21498491119240132,-77.6594,-77.0211,-77.4393,45,49.74911111111111,60.65216356113329,0.0,231.72,29.28,45,1701.4613333333332,2780.6274144006356,83.82,10972.8,548.64,45,2.0446666666666666,6.655595595232086,-11.05,18.21,0.0,45,196.60644444444446,108.72493912194528,0.0,355.68,181.35,45,49.74911111111111,60.65216356113329,0.0,231.72,29.28,45,1701.4613333333332,2780.6274144006356,83.82,10972.8,548.64,45,2.0446666666666666,6.655595595232086,-11.05,18.21,0.0,45
c07572,2026-02-16 21:28:18+00:00,CGSMJ,Canada,2026-02-16 21:28:14+00:00,2026-02-16 21:28:14+00:00,-77.453,38.9693,403.86,True,0.0,90.0,0.0,,419.1,,False,0,0,38.907235,0.11540434056183903,38.6716,39.0977,38.9454,40,-77.32264,0.21458598754644076,-77.6203,-76.9622,-77.439,40,49.54625,60.67421078850298,0.0,233.61,26.47,40,1520.7615,2562.5867882694392,60.96,10325.1,541.02,40,1.7799999999999998,6.612765044855409,-10.73,16.58,0.0,40,187.86925,101.4552897203669,0.0,355.63,178.78,40,49.54625,60.67421078850298,0.0,233.61,26.47,40,1520.7615,2562.5867882694392,60.96,10325.1,541.02,40,1.7799999999999998,6.612765044855409,-10.73,16.58,0.0,40
c07572,2026-02-16 21:29:18+00:00,CGSMJ,Canada,2026-02-16 21:29:09+00:00,2026-02-16 21:29:09+00:00,-77.453,38.9693,403.86,True,0.0,90.0,0.0,,419.1,,False,0,0,38.91437317073171,0.11344944033442966,38.664,39.1317,38.9473,41,-77.31837804878049,0.22566389112150187,-77.6595,-76.8461,-77.4386,41,49.612682926829265,60.720030056991504,0.0,228.98,29.28,41,1549.8336585365853,2641.7859081743886,0.0,10927.08,541.02,41,2.1487804878048777,6.52798444970649,-4.55,16.58,0.0,41,178.84024390243903,101.77402405544858,0.0,355.86,180.0,41,49.612682926829265,60.720030056991504,0.0,228.98,29.28,41,1549.8336585365853,2641.7859081743886,0.0,10927.08,541.02,41,2.1487804878048777,6.52798444970649,-4.55,16.58,0.0,41
